POSTE;DATE;RR;QRR;DRR;QDRR;TN;QTN;HTN;QHTN;TX;QTX;HTX;QHTX;TM;QTM;TMNX;QTMNX;TNSOL;QTNSOL;TN50;QTN50;DG;QDG;TAMPLI;QTAMPLI;TNTXM;QTNTXM;PMERM;QPMERM;PMERMIN;QPMERMIN;FFM;QFFM;FXI;QFXI;DXI;QDXI;HXI;QHXI;FXY;QFXY;DXY;QDXY;HXY;QHXY;FF2M;QFF2M;FXI2;QFXI2;DXI2;QDXI2;HXI2;QHXI2;FXI3S;QFXI3S;DXI3S;QDXI3S;HXI3S;QHXI3S;UN;QUN;HUN;QHUN;UX;QUX;HUX;QHUX;DHUMI40;QDHUMI40;DHUMI80;QDHUMI80;TSVM;QTSVM;DHUMEC;QDHUMEC;UM;QUM;INST;QINST;GLOT;QGLOT;DIFT;QDIFT;DIRT;QDIRT;SIGMA;QSIGMA;INFRART;QINFRART;UV_INDICEX;QUV_INDICEX;NB300;QNB300;BA300;QBA300;NEIG;QNEIG;BROU;QBROU;ORAG;QORAG;GRESIL;QGRESIL;GRELE;QGRELE;ROSEE;QROSEE;VERGLAS;QVERGLAS;SOLNEIGE;QSOLNEIGE;GELEE;QGELEE;FUMEE;QFUMEE;BRUME;QBRUME;ECLAIR;QECLAIR;ETPMON;QETPMON;ETPGRILLE;QETPGRILLE;UV;QUV;TMERMAX;QTMERMAX;TMERMIN;QTMERMIN;HNEIGEF;QHNEIGEF;NEIGETOTX;QNEIGETOTX;NEIGETOT06;QNEIGETOT06
13001009;20170101;0,2;1;;;-0,2;1;256;9;13,2;1;1255;9;5,8;1;6,50;1;-3,0;1;;;22;9;13,4;1;6,5;1;;;;;0,5;1;3,6;1;210;1;1426;9;2,0;1;140;1;1140;9;;;;;;;;;;;;;;;62;1;1321;9;98;1;509;9;0;9;1013;9;8,0;9;;;87;9;;;;;;;;;;;;;;;;;;;;;;;;;;;;;;;;;;;;;;;;;;;;;0,4;9;;;;;;;;;;;;
13001009;20170102;0,2;1;;;4,0;1;400;9;14,3;1;1250;9;7,4;1;9,15;1;0,6;1;;;0;9;10,3;1;9,2;1;;;;;1,3;1;8,1;1;190;1;1323;9;4,3;1;200;1;1302;9;;;;;;;;;;;;;;;57;1;1441;9;97;1;409;9;0;9;996;9;8,4;9;;;82;9;;;;;;;;;;;;;;;;;;;;;;;;;;;;;;;;;;;;;;;;;;;;;1,0;9;;;;;;;;;;;;
13001009;20170103;0,0;1;;;-1,7;1;325;9;9,3;1;1319;9;2,5;1;3,80;1;-4,9;1;;;379;9;11,0;1;3,8;1;;;;;0,8;1;5,7;1;320;1;1341;9;3,4;1;330;1;1402;9;;;;;;;;;;;;;;;51;1;1215;9;94;1;357;9;0;9;890;9;5,6;9;;;78;9;;;;;;;;;;;;;;;;;;;;;;;;;;;;;;;;;;;;;;;;;;;;;0,9;9;;;;;;;;;;;;
13001009;20170104;0,2;1;;;-2,4;1;737;9;10,3;1;1410;9;3,6;1;3,95;1;-4,8;1;;;419;9;12,7;1;4,0;1;;;;;2,9;1;16,5;1;330;1;1818;9;8,6;1;320;1;1749;9;;;;;;;;;;;;;;;30;1;1530;9;95;1;451;9;314;9;490;9;4,7;9;;;64;9;;;;;;;;;;;;;;;;;;;;;;;;;;;;;;;;;;;;;;;;;;;;;1,6;9;;;;;;;;;;;;
13001009;20170105;0,0;1;;;2,7;1;651;9;7,4;1;1137;9;4,1;1;5,05;1;1,3;1;;;65;9;4,7;1;5,1;1;;;;;4,6;1;18,1;1;320;1;1038;9;9,4;1;330;1;1041;9;;;;;;;;;;;;;;;43;1;1440;9;76;1;2350;9;0;9;0;9;4,7;9;;;58;9;;;;;;;;;;;;;;;;;;;;;;;;;;;;;;;;;;;;;;;;;;;;;2,2;9;;;;;;;;;;;;
13001009;20170106;0,0;1;;;-4,3;1;453;9;6,4;1;1334;9;-0,2;1;1,05;1;-6,6;1;;;882;9;10,7;1;1,1;1;;;;;0,7;1;6,5;1;20;1;1207;9;3,2;1;10;1;1159;9;;;;;;;;;;;;;;;42;1;1336;9;87;1;506;9;0;9;430;9;3,9;9;;;67;9;;;;;;;;;;;;;;;;;;;;;;;;;;;;;;;;;;;;;;;;;;;;;0,9;9;;;;;;;;;;;;
13001009;20170107;0,0;1;;;-4,3;1;244;9;9,6;1;1325;9;1,3;1;2,65;1;-6,5;1;;;724;9;13,9;1;2,7;1;;;;;1,0;1;5,4;1;30;1;849;9;3,0;1;70;1;410;9;;;;;;;;;;;;;;;43;1;1500;9;86;1;218;9;0;9;230;9;3,9;9;;;59;9;;;;;;;;;;;;;;;;;;;;;;;;;;;;;;;;;;;;;;;;;;;;;1,2;9;;;;;;;;;;;;
13001009;20170108;0,0;1;;;-4,2;1;342;9;8,1;1;1514;9;-0,3;1;1,95;1;-6,4;1;;;905;9;12,3;1;2,0;1;;;;;0,5;1;3,7;1;180;1;1250;9;1,8;1;320;1;1701;9;;;;;;;;;;;;;;;55;1;1508;9;94;1;2351;9;0;9;630;9;4,6;9;;;77;9;;;;;;;;;;;;;;;;;;;;;;;;;;;;;;;;;;;;;;;;;;;;;0,8;9;;;;;;;;;;;;
13001009;20170109;0,0;1;;;-3,0;1;27;9;7,8;1;1342;9;1,3;1;2,40;1;-5,7;1;;;635;9;10,8;1;2,4;1;;;;;1,2;1;5,8;1;280;1;1317;9;3,5;1;290;1;1322;9;;;;;;;;;;;;;;;48;1;1455;9;94;1;107;9;0;9;485;9;4,9;9;;;74;9;;;;;;;;;;;;;;;;;;;;;;;;;;;;;;;;;;;;;;;;;;;;;0,9;9;;;;;;;;;;;;
13001009;20170110;0,6;1;;;-3,4;1;328;9;6,0;1;1447;9;1,3;1;1,30;1;-5,6;1;;;560;9;9,4;1;1,3;1;;;;;0,4;1;2,8;1;300;1;1519;9;1,6;1;280;1;1515;9;;;;;;;;;;;;;;;53;1;943;9;96;1;2340;9;0;9;1294;9;5,7;9;;;84;9;;;;;;;;;;;;;;;;;;;;;;;;;;;;;;;;;;;;;;;;;;;;;0,4;9;;;;;;;;;;;;
13001009;20170111;0,2;1;;;-2,7;1;639;9;9,7;1;1451;9;2,4;1;3,50;1;-5,4;1;;;575;9;12,4;1;3,5;1;;;;;0,7;1;6,5;1;280;1;1505;9;3,3;1;300;1;1511;9;;;;;;;;;;;;;;;48;1;1211;9;98;1;759;9;0;9;883;9;5,6;9;;;80;9;;;;;;;;;;;;;;;;;;;;;;;;;;;;;;;;;;;;;;;;;;;;;0,7;9;;;;;;;;;;;;
13001009;20170112;0,0;1;;;-0,8;1;5;9;14,3;1;1335;9;8,2;1;6,75;1;-3,5;1;;;101;9;15,1;1;6,8;1;;;;;1,5;1;9,3;1;290;1;1020;9;4,6;1;310;1;1044;9;;;;;;;;;;;;;;;46;1;1336;9;98;1;145;9;0;9;669;9;8,1;9;;;75;9;;;;;;;;;;;;;;;;;;;;;;;;;;;;;;;;;;;;;;;;;;;;;0,6;9;;;;;;;;;;;;
13001009;20170113;0,0;1;;;3,7;1;1659;9;8,6;1;1255;9;5,8;1;6,15;1;2,3;1;;;0;9;4,9;1;6,2;1;;;;;4,5;1;21,5;1;310;1;1610;9;9,6;1;320;1;1838;9;;;;;;;;;;;;;;;34;1;1338;9;97;1;50;9;281;9;166;9;5,6;9;;;60;9;;;;;;;;;;;;;;;;;;;1;1;;;;;;;;;;;;;;;;;;;;;;;;;2,0;9;;;;;;;;;;;;
13001009;20170114;0,0;1;;;-2,5;1;352;9;7,1;1;1143;9;2,7;1;2,30;1;-5,2;1;;;290;9;9,6;1;2,3;1;;;;;3,8;1;17,3;1;340;1;1014;9;8,9;1;330;1;1338;9;;;;;;;;;;;;;;;39;1;1832;9;84;1;351;9;26;9;87;9;4,1;9;;;56;9;;;;;;;;;;;;;;;;;;;;;;;;;;;;;;;;;;;;;;;;;;;;;1,7;9;;;;;;;;;;;;
13001009;20170115;0,0;1;;;-0,2;1;554;9;8,1;1;1343;9;2,4;1;3,95;1;-1,7;1;;;217;9;8,3;1;4,0;1;;;;;3,0;1;13,5;1;340;1;1224;9;6,2;1;330;1;1224;9;;;;;;;;;;;;;;;27;1;1433;9;73;1;2301;9;489;9;0;9;3,5;9;;;51;9;;;;;;;;;;;;;;;;;;;;;;;;;;;;;;;;;;;;;;;;;;;;;2,1;9;;;;;;;;;;;;
13001009;20170116;0,0;1;;;-5,8;1;439;9;7,6;1;1250;9;-0,2;1;0,90;1;-8,3;1;;;779;9;13,4;1;0,9;1;;;;;1,9;1;15,1;1;300;1;1454;9;7,0;1;320;1;1514;9;;;;;;;;;;;;;;;29;1;1152;9;84;1;624;9;547;9;306;9;3,1;9;;;55;9;;;;;;;;;;;;;;;;;;;;;;;;;;;;;;;;;;;;;;;;;;;;;1,5;9;;;;;;;;;;;;
13001009;20170117;0,0;1;;;-7,3;1;552;9;5,0;1;1308;9;-1,6;1;-1,15;1;-10,3;1;;;952;9;12,3;1;-1,2;1;;;;;1,0;1;8,0;1;310;1;1408;9;4,3;1;310;1;1413;9;;;;;;;;;;;;;;;29;1;1123;9;74;1;554;9;265;9;0;9;3,0;9;;;58;9;;;;;;;;;;;;;;;;;;;;;;;;;;;;;;;;;;;;;;;;;;;;;1,0;9;;;;;;;;;;;;
13001009;20170118;0,0;1;;;-6,2;1;703;9;7,8;1;1319;9;-1,2;1;0,80;1;-8,7;1;;;985;9;14,0;1;0,8;1;;;;;0,7;1;5,2;1;270;1;1352;9;3,2;1;280;1;1409;9;;;;;;;;;;;;;;;31;1;1212;9;82;1;616;9;218;9;189;9;3,5;9;;;65;9;;;;;;;;;;;;;;;;;;;;;;;;;;;;;;;;;;;;;;;;;;;;;1,0;9;;;;;;;;;;;;
13001009;20170119;0,0;1;;;-5,6;1;547;9;11,2;1;1139;9;1,8;1;2,80;1;-7,8;1;;;570;9;16,8;1;2,8;1;;;;;0,5;1;4,8;1;290;1;1334;9;3,0;1;290;1;1354;9;;;;;;;;;;;;;;;32;1;1056;9;85;1;243;9;271;9;486;9;4,3;9;;;64;9;;;;;;;;;;;;;;;;;;;;;;;;;;;;;;;;;;;;;;;;;;;;;1,0;9;;;;;;;;;;;;
13001009;20170120;0,2;1;;;-3,1;1;557;9;11,8;1;1350;9;5,0;1;4,35;1;-5,8;1;;;450;9;14,9;1;4,4;1;;;;;2,3;1;14,9;1;100;1;1116;9;6,9;1;110;1;1112;9;;;;;;;;;;;;;;;35;1;1246;9;90;1;433;9;241;9;447;9;5,1;9;;;61;9;;;;;;;;;;;;;;;;;;;;;;;;;;;;;;;;;;;;;;;;;;;;;1,3;9;;;;;;;;;;;;
13001009;20170121;0,0;1;;;4,6;1;413;9;14,5;1;1336;9;8,6;1;9,55;1;2,5;1;;;0;9;9,9;1;9,6;1;;;;;2,5;1;11,8;1;100;1;1145;9;5,5;1;120;1;1149;9;;;;;;;;;;;;;;;27;1;1035;9;61;1;237;9;492;9;0;9;4,8;9;;;44;9;;;;;;;;;;;;;;;;;;;;;;;;;;;;;;;;;;;;;;;;;;;;;2,5;9;;;;;;;;;;;;
13001009;20170122;0,6;1;;;5,0;1;125;9;11,5;1;1307;9;8,8;1;8,25;1;2,5;1;;;0;9;6,5;1;8,3;1;;;;;4,2;1;16,1;1;90;1;438;9;8,2;1;110;1;1357;9;;;;;;;;;;;;;;;31;1;155;9;83;1;2329;9;72;9;21;9;7,3;9;;;64;9;;;;;;;;;;;;;;;;;;;;;;;;;;;;;;;;;;;;;;;;;;;;;1,7;9;;;;;;;;;;;;
13001009;20170123;0,2;1;;;4,4;1;1800;9;12,6;1;1246;9;6,2;1;8,50;1;1,6;1;;;0;9;8,2;1;8,5;1;;;;;0,7;1;4,9;1;30;1;1;9;2,9;1;30;1;3;9;;;;;;;;;;;;;;;54;1;1529;9;88;1;620;9;0;9;366;9;7,0;9;;;74;9;;;;;;;;;;;;;;;;;;;;;;;;;;;;;;;;;;;;;;;;;;;;;1,3;9;;;;;;;;;;;;
13001009;20170124;0,0;1;;;-1,4;1;436;9;9,8;1;1328;9;2,2;1;4,20;1;-3,6;1;;;646;9;11,2;1;4,2;1;;;;;1,0;1;6,8;1;250;1;1239;9;3,7;1;260;1;1245;9;;;;;;;;;;;;;;;42;1;1330;9;90;1;305;9;0;9;402;9;4,6;9;;;65;9;;;;;;;;;;;;;;;;;;;;;;;;;;;;;;;;;;;;;;;;;;;;;1,2;9;;;;;;;;;;;;
13001009;20170125;15,9;1;;;-2,4;1;506;9;6,6;1;159;9;0,7;1;2,10;1;-3,9;1;;;630;9;9,0;1;2,1;1;;;;;0,7;1;4,6;1;290;1;1024;9;2,4;1;110;1;946;9;;;;;;;;;;;;;;;67;1;145;9;98;1;2217;9;0;9;827;9;5,6;9;;;86;9;;;;;;;;;;;;;;;;;;;;;;;;;;;;;;;;;;;;;;;;;;;;;0,6;9;;;;;;;;;;;;
13001009;20170126;8,6;1;;;2,3;1;2048;9;11,4;1;1322;9;7,3;1;6,85;1;0,7;1;;;0;9;9,1;1;6,9;1;;;;;4,4;1;17,4;1;100;1;1520;9;7,7;1;100;1;1524;9;;;;;;;;;;;;;;;65;1;1324;9;97;1;1;9;0;9;979;9;8,4;9;;;82;9;;;;;;;;;;;;;;;;;;;;;;;;;;;;;;;;;;;;;;;;;;;;;0,7;9;;;;;;;;;;;;
13001009;20170127;0,0;1;;;6,4;1;2301;9;11,5;1;1330;9;9,6;1;8,95;1;5,2;1;;;0;9;5,1;1;9,0;1;;;;;6,4;1;19,4;1;100;1;1651;9;8,6;1;110;1;1340;9;;;;;;;;;;;;;;;65;1;1331;9;85;1;1;9;0;9;348;9;8,7;9;;;73;9;;;;;;;;;;;;;;;;;;;;;;;;;;;;;;;;;;;;;;;;;;;;;1,7;9;;;;;;;;;;;;
13001009;20170128;0,0;1;;;9,5;1;433;9;12,9;1;1406;9;10,2;1;11,20;1;8,4;1;;;0;9;3,4;1;11,2;1;;;;;3,7;1;13,8;1;100;1;1040;9;7,1;1;100;1;1045;9;;;;;;;;;;;;;;;61;1;1406;9;87;1;2351;9;0;9;281;9;9,0;9;;;73;9;;;;;;;;;;;;;;;;;;;;;;;;;;;;;;;;;;;;;;;;;;;;;2,0;9;;;;;;;;;;;;
13001009;20170129;0,0;1;;;6,3;1;723;9;14,4;1;1454;9;8,6;1;10,35;1;4,0;1;;;0;9;8,1;1;10,4;1;;;;;0,6;1;4,1;1;210;1;1457;9;2,8;1;260;1;1616;9;;;;;;;;;;;;;;;56;1;1126;9;95;1;2208;9;0;9;901;9;8,8;9;;;80;9;;;;;;;;;;;;;;;;;;;;;;;;;;;;;;;;;;;;;;;;;;;;;0,9;9;;;;;;;;;;;;
13001009;20170130;0,2;1;;;0,8;1;537;9;13,5;1;1455;9;7,7;1;7,15;1;-1,7;1;;;0;9;12,7;1;7,2;1;;;;;0,4;1;3,3;1;200;1;1548;9;2,4;1;190;9;1553;9;;;;;;;;;;;;;;;60;1;1449;9;99;1;740;9;0;9;878;9;8,7;9;;;83;9;;;;;;;;;;;;;;;;;;;;;;;;;;;;;;;;;;;;;;;;;;;;;0,6;9;;;;;;;;;;;;
13001009;20170131;0,0;1;;;8,5;1;423;9;14,4;1;1317;9;11,6;1;11,45;1;7,4;1;;;0;9;5,9;1;11,5;1;;;;;1,1;1;4,5;1;170;1;1419;9;2,7;1;170;1;1428;9;;;;;;;;;;;;;;;67;1;1114;9;90;1;413;9;0;9;796;9;10,8;9;;;79;9;;;;;;;;;;;;;;;;;;;;;;;;;;;;;;;;;;;;;;;;;;;;;1,0;9;;;;;;;;;;;;
13001009;20170201;0,0;1;;;8,9;1;729;9;15,1;1;1326;9;11,7;1;12,00;1;6,5;1;;;0;9;6,2;1;12,0;1;;;;;1,3;1;6,5;1;180;1;1436;9;3,7;1;100;9;2358;9;;;;;;;;;;;;;;;61;1;1425;9;93;1;726;9;0;9;786;9;10,8;9;;;79;9;;;;;;;;;;;;;;;;;;;;;;;;;;;;;;;;;;;;;;;;;;;;;1,3;9;;;;;;;;;;;;
13001009;20170202;3,6;1;;;7,1;1;2244;9;15,5;1;1242;9;12,3;1;11,30;1;4,8;1;;;0;9;8,4;1;11,3;1;;;;;4,1;1;16,2;1;110;1;839;9;7,6;1;100;1;923;9;;;;;;;;;;;;;;;61;1;1234;9;90;1;2231;9;0;9;314;9;10,7;9;;;75;9;;;;;;;;;;;;;;;;;;;;;;;;;;;;;;;;;;;;;;;;;;;;;1,4;9;;;;;;;;;;;;
13001009;20170203;0,0;1;;;4,7;1;656;9;12,9;1;1341;9;8,9;1;8,80;1;1,6;1;;;0;9;8,2;1;8,8;1;;;;;1,5;1;9,5;1;130;1;1230;9;4,9;1;170;1;1237;9;;;;;;;;;;;;;;;57;1;1235;9;98;1;728;9;0;9;930;9;9,5;9;;;83;9;;;;;;;;;;;;;;;;;;;;;;;;;;;;;;;;;;;;;;;;;;;;;0,8;9;;;;;;;;;;;;
13001009;20170204;1,4;1;;;4,8;1;2259;9;15,5;1;1402;9;10,9;1;10,15;1;3,2;1;;;0;9;10,7;1;10,2;1;;;;;2,1;1;11,2;1;280;1;1113;9;5,6;1;290;1;1119;9;;;;;;;;;;;;;;;39;1;1359;9;93;1;6;9;6;9;267;9;8,5;9;;;66;9;;;;;;;;;;;;;;;;;;;;;;;;;;;;;;;;;;;;;;;;;;;;;1,6;9;;;;;;;;;;;;
13001009;20170205;9,1;1;;;6,8;1;1751;9;11,0;1;840;9;8,1;1;8,90;1;5,0;1;;;0;9;4,2;1;8,9;1;;;;;1,9;1;11,5;1;330;1;1122;9;5,2;1;310;1;1128;9;;;;;;;;;;;;;;;69;1;31;9;94;1;1120;9;0;9;1279;9;9,2;9;;;84;9;;;;;;;;;;;;;;;;;;;;;;;;;;;;;;;;;;;;;;;;;;;;;0,8;9;;;;;;;;;;;;
13001009;20170206;0,0;1;;;4,2;1;3;9;12,1;1;1116;9;8,5;1;8,15;1;1,6;1;;;0;9;7,9;1;8,2;1;;;;;5,0;1;20,9;1;310;1;1231;9;9,8;1;320;1;1343;9;;;;;;;;;;;;;;;45;1;1116;9;88;1;4;9;0;9;117;9;6,7;9;;;61;9;;;;;;;;;;;;;;;;;;;;;;;;;;;;;;;;;;;;;;;;;;;;;2,2;9;;;;;;;;;;;;
13001009;20170207;0,0;1;;;2,6;1;415;9;14,8;1;1547;9;8,0;1;8,70;1;0,8;1;;;0;9;12,2;1;8,7;1;;;;;1,6;1;9,9;1;280;1;1534;9;4,0;1;290;1;1505;9;;;;;;;;;;;;;;;52;1;1419;9;89;1;417;9;0;9;463;9;7,7;9;;;73;9;;;;;;;;;;;;;;;;;;;;;;;;;;;;;;;;;;;;;;;;;;;;;1,5;9;;;;;;;;;;;;
13001009;20170208;0,0;1;;;5,3;1;227;9;10,7;1;1233;9;7,5;1;8,00;1;3,7;1;;;0;9;5,4;1;8,0;1;;;;;0,7;1;7,8;1;340;1;1754;9;3,5;1;320;1;1717;9;;;;;;;;;;;;;;;60;1;1755;9;93;1;640;9;0;9;729;9;7,9;9;;;77;9;;;;;;;;;;;;;;;;;;;;;;;;;;;;;;;;;;;;;;;;;;;;;1,2;9;;;;;;;;;;;;
13001009;20170209;2,0;1;;;4,3;1;606;9;10,7;1;1258;9;7,0;1;7,50;1;2,5;1;;;0;9;6,4;1;7,5;1;;;;;0,6;1;4,9;1;80;1;2014;9;2,6;1;90;9;2027;9;;;;;;;;;;;;;;;56;1;1343;9;92;1;1847;9;0;9;952;9;7,9;9;;;79;9;;;;;;;;;;;;;;;;;;;;;;;;;;;;;;;;;;;;;;;;;;;;;1,0;9;;;;;;;;;;;;
13001009;20170210;0,0;1;;;5,1;1;612;9;11,9;1;1224;9;7,2;1;8,50;1;3,2;1;;;0;9;6,8;1;8,5;1;;;;;1,2;1;6,4;1;150;1;1235;9;3,5;1;80;1;47;9;;;;;;;;;;;;;;;58;1;1224;9;95;1;2222;9;0;9;887;9;8,1;9;;;81;9;;;;;;;;;;;;;;;;;;;;;;;;;;;;;;;;;;;;;;;;;;;;;1,3;9;;;;;;;;;;;;
13001009;20170211;0,0;1;;;2,0;1;515;9;11,1;1;1356;9;8,1;1;6,55;1;-0,8;1;;;0;9;9,1;1;6,6;1;;;;;3,4;1;15,3;1;70;1;2209;9;6,5;1;110;1;1810;9;;;;;;;;;;;;;;;60;1;1511;9;97;1;543;9;0;9;448;9;7,8;9;;;74;9;;;;;;;;;;;;;;;;;;;;;;;;;;;;;;;;;;;;;;;;;;;;;1,2;9;;;;;;;;;;;;
13001009;20170212;0,0;1;;;9,6;1;1942;9;15,5;1;1140;9;12,5;1;12,55;1;8,9;1;;;0;9;5,9;1;12,6;1;;;;;6,1;1;22,1;1;100;1;2123;9;10,2;1;100;9;2112;9;;;;;;;;;;;;;;;55;1;1128;9;68;1;1731;9;0;9;0;9;9,1;9;;;63;9;;;;;;;;;;;;;;;;;;;;;;;;;;;;;;;;;;;;;;;;;;;;;2,9;9;;;;;;;;;;;;
13001009;20170213;0,0;1;;;12,4;1;1810;9;15,5;1;1345;9;13,8;1;13,95;1;11,8;1;;;0;9;3,1;1;14,0;1;;;;;7,2;1;23,0;1;130;1;1258;9;10,5;1;110;1;612;9;;;;;;;;;;;;;;;47;1;1319;9;60;1;515;9;0;9;0;9;8,2;9;;;52;9;;;;;;;;;;;;;;;;;;;;;;;;;;;;;;;;;;;;;;;;;;;;;4,4;9;;;;;;;;;;;;
13001009;20170214;0,0;1;;;12,6;1;1740;9;14,5;1;1013;9;13,2;1;13,55;1;11,8;1;;;0;9;1,9;1;13,6;1;;;;;5,6;1;20,8;1;90;1;14;9;9,0;1;100;1;21;9;;;;;;;;;;;;;;;49;1;951;9;59;1;1728;9;0;9;0;9;8,2;9;;;54;9;;;;;;;;;;;;;;;;;;;;;;;;;;;;;;;;;;;;;;;;;;;;;3,8;9;;;;;;;;;;;;
13001009;20170215;0,0;1;;;11,7;1;351;9;17,6;1;1214;9;12,6;1;14,65;1;10,2;1;;;0;9;5,9;1;14,7;1;;;;;1,9;1;11,2;1;110;1;11;9;5,4;1;110;1;13;9;;;;;;;;;;;;;;;43;1;1015;9;94;1;2353;9;0;9;264;9;8,8;9;;;62;9;;;;;;;;;;;;;;;;;;;;;;;;;;;;;;;;;;;;;;;;;;;;;2,8;9;;;;;;;;;;;;
13001009;20170216;0,0;1;;;6,2;1;2338;9;17,1;1;1427;9;11,4;1;11,65;1;3,0;1;;;0;9;10,9;1;11,7;1;;;;;1,3;1;7,5;1;180;1;1428;9;4,1;1;230;1;1434;9;;;;;;;;;;;;;;;50;1;1359;9;94;1;1;9;0;9;897;9;10,5;9;;;79;9;;;;;;;;;;;;;;;;;;;;;;;;;;;;;;;;;;;;;;;;;;;;;1,1;9;;;;;;;;;;;;
13001009;20170217;0,0;1;;;6,4;1;548;9;17,1;1;1539;9;10,0;1;11,75;1;4,0;1;;;0;9;10,7;1;11,8;1;;;;;1,6;1;13,9;1;290;1;1553;9;6,3;1;290;1;1557;9;;;;;;;;;;;;;;;35;1;1552;9;99;1;946;9;65;9;812;9;9,6;9;;;80;9;;;;;;;;;;;;;;;;;;;;;;;;;;;;;;;;;;;;;;;;;;;;;1,5;9;;;;;;;;;;;;
13001009;20170218;0,0;1;;;2,9;1;628;9;17,5;1;1342;9;9,3;1;10,20;1;1,0;1;;;0;9;14,6;1;10,2;1;;;;;1,2;1;11,0;1;170;1;1038;9;4,9;1;130;1;1036;9;;;;;;;;;;;;;;;33;1;1329;9;91;1;704;9;200;9;669;9;8,0;9;;;71;9;;;;;;;;;;;;;;;;;;;;;;;;;;;;;;;;;;;;;;;;;;;;;1,5;9;;;;;;;;;;;;
13001009;20170219;0,0;1;;;2,4;1;343;9;16,7;1;1300;9;9,4;1;9,55;1;-0,4;1;;;0;9;14,3;1;9,6;1;;;;;1,3;1;7,4;1;310;1;1258;9;4,2;1;260;1;1520;9;;;;;;;;;;;;;;;29;1;1054;9;96;1;356;9;360;9;677;9;7,3;9;;;67;9;;;;;;;;;;;;;;;;;;;;;;;;;;;;;;;;;;;;;;;;;;;;;1,6;9;;;;;;;;;;;;
13001009;20170220;0,0;1;;;1,1;1;437;9;17,6;1;1519;9;8,4;1;9,35;1;-2,4;1;;;0;9;16,5;1;9,4;1;;;;;0,9;1;5,2;1;310;1;1405;9;2,6;1;280;1;1600;9;;;;;;;;;;;;;;;29;1;1352;9;94;1;2;9;386;9;537;9;6,5;9;;;64;9;;;;;;;;;;;;;;;;;;;;;;;;;;;;;;;;;;;;;;;;;;;;;1,8;9;;;;;;;;;;;;
13001009;20170221;0,2;1;;;1,6;1;639;9;20,0;1;1442;9;10,2;1;10,80;1;-0,6;1;;;0;9;18,4;1;10,8;1;;;;;1,6;1;12,5;1;320;1;1638;9;6,1;1;320;1;1601;9;;;;;;;;;;;;;;;43;1;1442;9;92;1;622;9;0;9;590;9;8,4;9;;;70;9;;;;;;;;;;;;;;;;;;;;;;;;;;;;;;;;;;;;;;;;;;;;;1,7;9;;;;;;;;;;;;
13001009;20170222;0,0;1;;;5,3;1;658;9;20,0;1;1442;9;10,6;1;12,65;1;3,2;1;;;0;9;14,7;1;12,7;1;;;;;1,5;1;9,5;1;330;1;1357;9;5,0;1;310;1;1341;9;;;;;;;;;;;;;;;32;1;1431;9;97;1;457;9;212;9;807;9;9,0;9;;;75;9;;;;;;;;;;;;;;;;;;;;;;;;;;;;;;;;;;;;;;;;;;;;;1,8;9;;;;;;;;;;;;
13001009;20170223;0,0;1;;;3,0;1;540;9;19,9;1;1323;9;10,9;1;11,45;1;0,0;1;;;0;9;16,9;1;11,5;1;;;;;1,2;1;6,9;1;240;1;1203;9;4,3;1;220;1;1203;9;;;;;;;;;;;;;;;36;1;1133;9;96;1;506;9;16;9;649;9;9,0;9;;;72;9;;;;;;;;;;;;;;;;;;;;;;;;;;;;;;;;;;;;;;;;;;;;;1,8;9;;;;;;;;;;;;
13001009;20170224;0,0;1;;;7,8;1;106;9;14,5;1;1353;9;10,0;1;11,15;1;5,9;1;;;0;9;6,7;1;11,2;1;;;;;3,4;1;19,5;1;320;1;1716;9;9,5;1;320;1;1720;9;;;;;;;;;;;;;;;34;1;1502;9;90;1;805;9;277;9;568;9;7,4;9;;;61;9;;;;;;;;;;;;;;;;;;;;;;;;;;;;;;;;;;;;;;;;;;;;;2,7;9;;;;;;;;;;;;
13001009;20170225;0,0;1;;;0,2;1;631;9;16,6;1;1330;9;7,9;1;8,40;1;-2,3;1;;;0;9;16,4;1;8,4;1;;;;;1,0;1;6,9;1;290;1;1517;9;4,2;1;250;1;1500;9;;;;;;;;;;;;;;;26;1;1519;9;85;1;652;9;473;9;81;9;5,6;9;;;56;9;;;;;;;;;;;;;;;;;;;;;;;;;;;;;;;;;;;;;;;;;;;;;1,9;9;;;;;;;;;;;;
13001009;20170226;0,0;1;;;0,2;1;533;9;15,9;1;1437;9;7,9;1;8,05;1;-2,6;1;;;0;9;15,7;1;8,1;1;;;;;0,9;1;6,6;1;210;1;1311;9;3,6;1;230;1;1317;9;;;;;;;;;;;;;;;29;1;1237;9;92;1;557;9;339;9;662;9;6,7;9;;;67;9;;;;;;;;;;;;;;;;;;;;;;;;;;;;;;;;;;;;;;;;;;;;;1,5;9;;;;;;;;;;;;
13001009;20170227;2,6;1;;;3,6;1;318;9;13,3;1;1142;9;9,4;1;8,45;1;0,8;1;;;0;9;9,7;1;8,5;1;;;;;1,9;1;8,5;1;180;1;1147;9;5,2;1;160;1;1152;9;;;;;;;;;;;;;;;63;1;1225;9;95;1;322;9;0;9;1063;9;10,1;9;;;86;9;;;;;;;;;;;;;;;;;;;;;;;;;;;;;;;;;;;;;;;;;;;;;0,4;9;;;;;;;;;;;;
13001009;20170228;0,6;1;;;8,2;1;1745;9;13,7;1;1233;9;10,0;1;10,95;1;7,2;1;;;0;9;5,5;1;11,0;1;;;;;1,7;1;10,7;1;290;1;1605;9;5,3;1;280;1;1607;9;;;;;;;;;;;;;;;65;1;1429;9;95;1;606;9;0;9;931;9;10,3;9;;;83;9;;;;;;;;;;;;;;;;;;;;;;;;;;;;;;;;;;;;;;;;;;;;;1,4;9;;;;;;;;;;;;
13001009;20170301;1,4;1;;;-0,8;1;612;9;14,4;1;1523;9;7,8;1;6,80;1;-3,6;1;;;144;9;15,2;1;6,8;1;;;;;1,7;1;9,8;1;270;1;1138;9;5,5;1;310;1;1102;9;;;;;;;;;;;;;;;38;1;1310;9;94;1;642;9;23;9;439;9;7,0;9;;;69;9;;;;;;;;;;;;;;;;;;;;;;;;;;;;;;;;;;;;;;;;;;;;;1,5;9;;;;;;;;;;;;
13001009;20170302;0,0;1;;;4,0;1;519;9;18,4;1;1327;9;10,8;1;11,20;1;1,0;1;;;0;9;14,4;1;11,2;1;;;;;1,3;1;10,2;1;280;1;1346;9;4,9;1;300;1;1349;9;;;;;;;;;;;;;;;42;1;1510;9;97;1;606;9;0;9;784;9;9,6;9;;;77;9;;;;;;;;;;;;;;;;;;;;;;;;;;;;;;;;;;;;;;;;;;;;;1,7;9;;;;;;;;;;;;
13001009;20170303;10,0;1;;;5,0;1;304;9;18,5;1;1307;9;12,2;1;11,75;1;1,7;1;;;0;9;13,5;1;11,8;1;;;;;3,9;1;18,1;1;90;1;2343;9;8,4;1;110;9;2316;9;;;;;;;;;;;;;;;38;1;1447;9;97;1;316;9;92;9;429;9;9,4;9;;;69;9;;;;;;;;;;;;;;;;;;;;;;;;;;;;;;;;;;;;;;;;;;;;;2,3;9;;;;;;;;;;;;
13001009;20170304;5,0;1;;;7,0;1;1030;9;10,9;1;1514;9;9,1;1;8,95;1;6,8;1;;;0;9;3,9;1;9,0;1;;;;;4,6;1;25,2;1;100;1;330;9;10,7;1;110;1;335;9;;;;;;;;;;;;;;;65;1;312;9;92;1;2236;9;0;9;736;9;9,1;9;;;79;9;;;;;;;;;;;;;;;;;;;;;;;;;;;;;;;;;;;;;;;;;;;;;1,5;9;;;;;;;;;;;;
13001009;20170305;1,8;1;;;0,5;1;552;9;11,4;1;1106;9;6,2;1;5,95;1;-2,1;1;;;0;9;10,9;1;6,0;1;;;;;0,6;1;6,6;1;270;1;1123;9;4,0;1;260;1;1149;9;;;;;;;;;;;;;;;52;1;1115;9;97;1;646;9;0;9;1046;9;8,0;9;;;85;9;;;;;;;;;;;;;;;;;;;;;;;;;;;;;;;;;;;;;;;;;;;;;0,7;9;;;;;;;;;;;;
13001009;20170306;2,6;1;;;4,5;1;2221;9;16,2;1;1408;9;9,6;1;10,35;1;1,2;1;;;0;9;11,7;1;10,4;1;;;;;3,4;1;22,5;1;330;1;1925;9;9,8;1;270;1;1622;9;;;;;;;;;;;;;;;34;1;1735;9;98;1;6;9;93;9;827;9;8,6;9;;;74;9;;;;;;;;;;;;;;;;;;;;;;;;;;;;;;;;;;;;;;;;;;;;;2,3;9;;;;;;;;;;;;
13001009;20170307;0,0;1;;;4,6;1;610;9;12,2;1;1254;9;8,3;1;8,40;1;3,5;1;;;0;9;7,6;1;8,4;1;;;;;4,2;1;19,4;1;320;1;1041;9;8,8;1;320;1;1135;9;;;;;;;;;;;;;;;37;1;1254;9;77;1;555;9;272;9;0;9;5,9;9;;;55;9;;;;;;;;;;;;;;;;;;;;;;;;;;;;;;;;;;;;;;;;;;;;;2,9;9;;;;;;;;;;;;
13001009;20170308;0,0;1;;;1,1;1;228;9;18,7;1;1424;9;10,9;1;9,90;1;-2,0;1;;;0;9;17,6;1;9,9;1;;;;;2,1;1;13,4;1;300;1;1311;9;6,0;1;310;1;1358;9;;;;;;;;;;;;;;;36;1;1143;9;84;1;230;9;110;9;199;9;7,7;9;;;60;9;;;;;;;;;;;;;;;;;;;;;;;;;;;;;;;;;;;;;;;;;;;;;2,3;9;;;;;;;;;;;;
13001009;20170309;0,0;1;;;5,0;1;543;9;20,9;1;1428;9;12,7;1;12,95;1;1,7;1;;;0;9;15,9;1;13,0;1;;;;;1,9;1;11,1;1;320;1;1326;9;5,9;1;320;1;1326;9;;;;;;;;;;;;;;;42;1;1511;9;95;1;555;9;0;9;525;9;9,8;9;;;69;9;;;;;;;;;;;;;;;;;;;;;;;;;;;;;;;;;;;;;;;;;;;;;2,5;9;;;;;;;;;;;;
13001009;20170310;0,0;1;;;5,5;1;452;9;22,6;1;1226;9;13,4;1;14,05;1;2,0;1;;;0;9;17,1;1;14,1;1;;;;;1,2;1;8,9;1;270;1;1310;9;5,0;1;270;1;1339;9;;;;;;;;;;;;;;;32;1;1226;9;93;1;402;9;337;9;594;9;9,4;9;;;65;9;;;;;;;;;;;;;;;;;;;;;;;;;;;;;;;;;;;;;;;;;;;;;2,8;9;;;;;;;;;;;;
13001009;20170311;0,0;1;;;5,7;1;403;9;23,4;1;1308;9;13,9;1;14,55;1;1,8;1;;;0;9;17,7;1;14,6;1;;;;;1,4;1;7,2;1;120;1;1009;9;3,9;1;140;1;1012;9;;;;;;;;;;;;;;;14;1;1201;9;88;1;401;9;546;9;261;9;7,1;9;;;51;9;;;;;;;;;;;;;;;;;;;;;;;;;;;;;;;;;;;;;;;;;;;;;3,3;9;;;;;;;;;;;;
13001009;20170312;2,0;1;;;4,8;1;527;9;14,4;1;1543;9;9,8;1;9,60;1;1,4;1;;;0;9;9,6;1;9,6;1;;;;;0,7;1;4,2;1;280;1;1041;9;2,2;1;290;1;1025;9;;;;;;;;;;;;;;;51;1;817;9;96;1;2150;9;0;9;584;9;9,4;9;;;77;9;;;;;;;;;;;;;;;;;;;;;;;;;;;;;;;;;;;;;;;;;;;;;1,1;9;;;;;;;;;;;;
13001009;20170313;0,0;1;;;7,2;1;436;9;18,7;1;1337;9;12,2;1;12,95;1;3,7;1;;;0;9;11,5;1;13,0;1;;;;;1,3;1;7,9;1;260;1;1452;9;4,5;1;260;1;1501;9;;;;;;;;;;;;;;;34;1;1234;9;95;1;446;9;169;9;620;9;9,0;9;;;67;9;;;;;;;;;;;;;;;;;;;;;;;;;;;;;;;;;;;;;;;;;;;;;2,3;9;;;;;;;;;;;;
13001009;20170314;0,0;1;;;4,2;1;559;9;20,5;1;1249;9;11,6;1;12,35;1;1,4;1;;;0;9;16,3;1;12,4;1;;;;;0,9;1;6,7;1;280;1;1355;9;4,1;1;280;1;1402;9;;;;;;;;;;;;;;;37;1;1254;9;93;1;606;9;33;9;670;9;9,1;9;;;70;9;;;;;;;;;;;;;;;;;;;;;;;;;;;;;;;;;;;;;;;;;;;;;2,1;9;;;;;;;;;;;;
13001009;20170315;0,0;1;;;4,6;1;354;9;22,3;1;1342;9;12,8;1;13,45;1;1,4;1;;;0;9;17,7;1;13,5;1;;;;;0,8;1;6,2;1;230;1;1519;9;3,9;1;250;1;1554;9;;;;;;;;;;;;;;;21;1;1344;9;94;1;421;9;491;9;496;9;7,9;9;;;60;9;;;;;;;;;;;;;;;;;;;;;;;;;;;;;;;;;;;;;;;;;;;;;2,6;9;;;;;;;;;;;;
13001009;20170316;0,0;1;;;4,4;1;544;9;21,7;1;1141;9;12,6;1;13,05;1;1,6;1;;;0;9;17,3;1;13,1;1;;;;;1,0;1;7,6;1;270;1;1449;9;4,4;1;240;1;1453;9;;;;;;;;;;;;;;;26;1;1204;9;91;1;529;9;462;9;570;9;8,0;9;;;61;9;;;;;;;;;;;;;;;;;;;;;;;;;;;;;;;;;;;;;;;;;;;;;2,7;9;;;;;;;;;;;;
13001009;20170317;0,2;1;;;3,3;1;537;9;19,5;1;1121;9;11,6;1;11,40;1;0,4;1;;;0;9;16,2;1;11,4;1;;;;;1,2;1;6,4;1;260;1;1300;9;3,7;1;230;1;1300;9;;;;;;;;;;;;;;;26;1;952;9;94;1;2116;9;132;9;762;9;9,5;9;;;72;9;;;;;;;;;;;;;;;;;;;;;;;;;;;;;;;;;;;;;;;;;;;;;2,2;9;;;;;;;;;;;;
13001009;20170318;0,0;1;;;5,4;1;234;9;20,3;1;1459;9;13,4;1;12,85;1;2,7;1;;;0;9;14,9;1;12,9;1;;;;;3,5;1;18,5;1;320;1;1359;9;9,7;1;310;1;1352;9;;;;;;;;;;;;;;;32;1;1336;9;99;1;645;9;206;9;532;9;9,6;9;;;67;9;;;;;;;;;;;;;;;;;;;;;;;;;;;;;;;;;;;;;;;;;;;;;2,9;9;;;;;;;;;;;;
13001009;20170319;0,2;1;;;8,1;1;557;9;23,2;1;1520;9;15,9;1;15,65;1;5,3;1;;;0;9;15,1;1;15,7;1;;;;;1,6;1;11,4;1;320;1;149;9;5,6;1;320;1;111;9;;;;;;;;;;;;;;;37;1;1440;9;87;1;2240;9;112;9;247;9;10,7;9;;;61;9;;;;;;;;;;;;;;;;;;;;;;;;;;;;;;;;;;;;;;;;;;;;;3,3;9;;;;;;;;;;;;
13001009;20170320;0,0;1;;;9,8;1;554;9;17,3;1;1602;9;12,5;1;13,55;1;7,3;1;;;0;9;7,5;1;13,6;1;;;;;0,9;1;4,6;1;280;1;1406;9;2,9;1;270;1;1754;9;;;;;;;;;;;;;;;60;1;1536;9;92;1;202;9;0;9;803;9;11,5;9;;;80;9;;;;;;;;;;;;;;;;;;;;;;;;;;;;;;;;;;;;;;;;;;;;;1,5;9;;;;;;;;;;;;
13001009;20170321;0,0;1;;;8,4;1;544;9;20,1;1;1338;9;12,9;1;14,25;1;4,8;1;;;0;9;11,7;1;14,3;1;;;;;0,9;1;7,5;1;250;1;1555;9;4,2;1;250;1;1548;9;;;;;;;;;;;;;;;48;1;1328;9;95;1;313;9;0;9;715;9;10,9;9;;;75;9;;;;;;;;;;;;;;;;;;;;;;;;;;;;;;;;;;;;;;;;;;;;;2,5;9;;;;;;;;;;;;
13001009;20170322;7,3;1;;;8,6;1;148;9;17,6;1;1148;9;12,5;1;13,10;1;5,5;1;;;0;9;9,0;1;13,1;1;;;;;2,0;1;8,8;1;240;1;1211;9;4,8;1;210;1;1400;9;;;;;;;;;;;;;;;41;1;1107;9;88;1;129;9;0;9;421;9;10,1;9;;;71;9;;;;;;;;;;;;;;;;;;;;;;;;;;;;;;;;;;;;;;;;;;;;;2,6;9;;;;;;;;;;;;
13001009;20170323;13,3;1;;;11,0;1;130;9;16,2;1;1513;9;13,0;1;13,60;1;9,7;1;;;0;9;5,2;1;13,6;1;;;;;3,4;1;14,3;1;110;1;926;9;6,6;1;110;1;935;9;;;;;;;;;;;;;;;63;1;1436;9;93;1;2348;9;0;9;751;9;11,9;9;;;80;9;;;;;;;;;;;;;;;;;;;;;;;;;;;;;;;;;;;;;;;;;;;;;2,4;9;;;;;;;;;;;;
13001009;20170324;0,6;1;;;10,6;1;2357;9;16,6;1;47;9;14,0;1;13,60;1;10,1;1;;;0;9;6,0;1;13,6;1;;;;;5,1;1;21,7;1;100;1;1241;9;9,6;1;110;1;1252;9;;;;;;;;;;;;;;;51;1;2045;9;94;1;21;9;0;9;636;9;11,3;9;;;72;9;;;;;;;;;;;;;;;;;;;;;;;;;;;;;;;;;;;;;;;;;;;;;2,3;9;;;;;;;;;;;;
13001009;20170325;18,0;1;;;8,7;1;1649;9;16,1;1;647;9;11,2;1;12,40;1;8,0;1;;;0;9;7,4;1;12,4;1;;;;;2,8;1;18,1;1;110;1;600;9;8,5;1;100;1;608;9;;;;;;;;;;;;;;;51;1;38;9;93;1;1015;9;0;9;941;9;9,9;9;;;76;9;;;;;;;;;;;;;;;;;;;;;;;;;;;;;;;;;;;;;;;;;;;;;1,9;9;;;;;;;;;;;;
13001009;20170326;0,0;1;;;4,2;1;104;9;17,2;1;1320;9;11,1;1;10,70;1;1,0;1;;;0;9;13,0;1;10,7;1;;;;;1,4;1;6,7;1;190;1;1247;9;3,7;1;210;1;1226;9;;;;;;;;;;;;;;;49;1;1050;9;95;1;111;9;0;9;721;9;9,7;9;;;75;9;;;;;;;;;;;;;;;;;;;;;;;;;;;;;;;;;;;;;;;;;;;;;1,8;9;;;;;;;;;;;;
13001009;20170327;0,0;1;;;6,9;1;243;9;18,3;1;1107;9;13,0;1;12,60;1;2,9;1;;;0;9;11,4;1;12,6;1;;;;;1,7;1;9,7;1;90;1;931;9;4,8;1;90;1;939;9;;;;;;;;;;;;;;;46;1;1104;9;97;1;301;9;0;9;630;9;10,5;9;;;72;9;;;;;;;;;;;;;;;;;;;;;;;;;;;;;;;;;;;;;;;;;;;;;2,4;9;;;;;;;;;;;;
13001009;20170328;0,0;1;;;5,8;1;519;9;19,3;1;1336;9;12,6;1;12,55;1;2,6;1;;;0;9;13,5;1;12,6;1;;;;;1,4;1;9,4;1;310;1;1404;9;4,9;1;260;1;1305;9;;;;;;;;;;;;;;;34;1;1613;9;95;1;553;9;270;9;577;9;9,0;9;;;66;9;;;;;;;;;;;;;;;;;;;;;;;;;;;;;;;;;;;;;;;;;;;;;2,4;9;;;;;;;;;;;;
13001009;20170329;0,0;1;;;5,1;1;453;9;22,6;1;1204;9;13,9;1;13,85;1;1,0;1;;;0;9;17,5;1;13,9;1;;;;;0,9;1;7,5;1;240;1;1236;9;4,3;1;260;1;1302;9;;;;;;;;;;;;;;;28;1;1150;9;96;1;352;9;441;9;582;9;9,4;9;;;65;9;;;;;;;;;;;;;;;;;;;;;;;;;;;;;;;;;;;;;;;;;;;;;2,9;9;;;;;;;;;;;;
13001009;20170330;0,0;1;;;5,3;1;523;9;24,6;1;1154;9;14,9;1;14,95;1;2,1;1;;;0;9;19,3;1;15,0;1;;;;;1,2;1;7,8;1;230;1;1337;9;4,6;1;230;1;1312;9;;;;;;;;;;;;;;;18;1;1122;9;96;1;557;9;551;9;406;9;8,6;9;;;57;9;;;;;;;;;;;;;;;;;;;;;;;;;;;;;;;;;;;;;;;;;;;;;3,5;9;;;;;;;;;;;;
13001009;20170331;0,2;1;;;5,8;1;535;9;21,6;1;1449;9;14,2;1;13,70;1;3,3;1;;;0;9;15,8;1;13,7;1;;;;;1,4;1;8,0;1;190;1;1232;9;4,8;1;250;1;1350;9;;;;;;;;;;;;;;;25;1;1507;9;87;1;538;9;383;9;264;9;8,3;9;;;55;9;;;;;;;;;;;;;;;;;;;;;;;;;;;;;;;;;;;;;;;;;;;;;3,3;9;;;;;;;;;;;;
13001009;20170401;13,9;1;;;8,5;1;1750;9;13,7;1;1041;9;10,3;1;11,10;1;7,7;1;;;0;9;5,2;1;11,1;1;;;;;1,8;1;11,5;1;80;1;1109;9;5,2;1;100;1;1115;9;;;;;;;;;;;;;;;52;1;1035;9;94;1;2153;9;0;9;718;9;9,4;9;;;76;9;;;;;;;;;;;;;;;;;;;;;;;;;;;;;;;;;;;;;;;;;;;;;1,4;9;;;;;;;;;;;;
13001009;20170402;6,2;1;;;7,8;1;201;9;15,2;1;1246;9;10,7;1;11,50;1;7,3;1;;;0;9;7,4;1;11,5;1;;;;;0,5;1;4,8;1;320;1;1245;9;2,7;1;280;1;1241;9;;;;;;;;;;;;;;;63;1;1255;9;98;1;2317;9;0;9;1205;9;11,6;9;;;90;9;;;;;;;;;;;;;;;;;;;;;;;;;;;;;;;;;;;;;;;;;;;;;1,4;9;;;;;;;;;;;;
13001009;20170403;0,0;1;;;7,1;1;538;9;22,0;1;1444;9;14,1;1;14,55;1;5,2;1;;;0;9;14,9;1;14,6;1;;;;;1,1;1;7,3;1;260;1;1645;9;3,9;1;250;1;1338;9;;;;;;;;;;;;;;;27;1;1145;9;99;1;356;9;235;9;731;9;10,8;9;;;72;9;;;;;;;;;;;;;;;;;;;;;;;;;;;;;;;;;;;;;;;;;;;;;2,9;9;;;;;;;;;;;;
13001009;20170404;0,0;1;;;5,9;1;510;9;22,7;1;1334;9;14,2;1;14,30;1;3,3;1;;;0;9;16,8;1;14,3;1;;;;;1,6;1;12,2;1;340;1;1633;9;6,0;1;300;1;1515;9;;;;;;;;;;;;;;;32;1;1245;9;97;1;538;9;356;9;432;9;9,7;9;;;64;9;;;;;;;;;;;;;;;;;;;;;;;;;;;;;;;;;;;;;;;;;;;;;3,4;9;;;;;;;;;;;;
13001009;20170405;7,1;1;;;5,5;1;507;9;20,8;1;1152;9;11,0;1;13,15;1;3,2;1;;;0;9;15,3;1;13,2;1;;;;;1,2;1;14,0;1;70;1;1453;9;6,8;1;40;1;1459;9;;;;;;;;;;;;;;;29;1;1153;9;97;1;2348;9;173;9;873;9;9,2;9;;;74;9;;;;;;;;;;;;;;;;;;;;;;;;;;;;;;;;;;;;;;;;;;;;;3,1;9;;;;;;;;;;;;
13001009;20170406;0,0;1;;;4,4;1;502;9;21,2;1;1427;9;12,7;1;12,80;1;1,9;1;;;0;9;16,8;1;12,8;1;;;;;1,3;1;8,3;1;290;1;1616;9;4,3;1;310;1;1704;9;;;;;;;;;;;;;;;35;1;1232;9;98;1;350;9;191;9;610;9;9,3;9;;;68;9;;;;;;;;;;;;;;;;;;;;;;;;;;;;;;;;;;;;;;;;;;;;;2,9;9;;;;;;;;;;;;
13001009;20170407;0,0;1;;;5,8;1;513;9;22,3;1;1304;9;14,4;1;14,05;1;3,1;1;;;0;9;16,5;1;14,1;1;;;;;1,2;1;8,8;1;210;1;1536;9;4,0;1;240;1;1436;9;;;;;;;;;;;;;;;31;1;1311;9;95;1;518;9;356;9;556;9;9,6;9;;;63;9;;;;;;;;;;;;;;;;;;;;;;;;;;;;;;;;;;;;;;;;;;;;;3,2;9;;;;;;;;;;;;
13001009;20170408;0,0;1;;;6,4;1;508;9;22,4;1;1127;9;14,4;1;14,40;1;3,6;1;;;0;9;16,0;1;14,4;1;;;;;1,2;1;10,4;1;200;1;1406;9;5,1;1;220;1;1422;9;;;;;;;;;;;;;;;33;1;1459;9;94;1;536;9;243;9;464;9;9,9;9;;;64;9;;;;;;;;;;;;;;;;;;;;;;;;;;;;;;;;;;;;;;;;;;;;;3,3;9;;;;;;;;;;;;
13001009;20170409;0,0;1;;;5,6;1;526;9;22,7;1;1324;9;14,5;1;14,15;1;3,1;1;;;0;9;17,1;1;14,2;1;;;;;1,1;1;7,9;1;210;1;1054;9;3,6;1;250;1;1431;9;;;;;;;;;;;;;;;24;1;1150;9;92;1;546;9;599;9;521;9;8,4;9;;;58;9;;;;;;;;;;;;;;;;;;;;;;;;;;;;;;;;;;;;;;;;;;;;;3,6;9;;;;;;;;;;;;
13001009;20170410;0,0;1;;;5,7;1;502;9;23,2;1;1319;9;15,0;1;14,45;1;2,8;1;;;0;9;17,5;1;14,5;1;;;;;1,2;1;8,1;1;210;1;1331;9;4,6;1;270;1;1438;9;;;;;;;;;;;;;;;28;1;1255;9;92;1;300;9;355;9;551;9;9,9;9;;;63;9;;;;;;;;;;;;;;;;;;;;;;;;;;;;;;;;;;;;;;;;;;;;;3,4;9;;;;;;;;;;;;
13001009;20170411;0,0;1;;;7,9;1;431;9;20,6;1;938;9;14,3;1;14,25;1;4,9;1;;;0;9;12,7;1;14,3;1;;;;;2,1;1;14,6;1;310;1;1145;9;7,4;1;300;1;1152;9;;;;;;;;;;;;;;;34;1;1640;9;95;1;415;9;268;9;474;9;9,8;9;;;64;9;;;;;;;;;;;;;;;;;;;;;;;;;;;;;;;;;;;;;;;;;;;;;3,5;9;;;;;;;;;;;;
13001009;20170412;0,0;1;;;7,1;1;443;9;23,0;1;1205;9;14,6;1;15,05;1;4,7;1;;;0;9;15,9;1;15,1;1;;;;;1,2;1;7,3;1;260;1;1231;9;4,6;1;250;1;1233;9;;;;;;;;;;;;;;;42;1;1152;9;93;1;2320;9;0;9;689;9;11,8;9;;;73;9;;;;;;;;;;;;;;;;;;;;;;;;;;;;;;;;;;;;;;;;;;;;;3,0;9;;;;;;;;;;;;
13001009;20170413;0,0;1;;;6,9;1;510;9;24,8;1;1448;9;15,7;1;15,85;1;4,3;1;;;0;9;17,9;1;15,9;1;;;;;2,2;1;14,6;1;300;1;1614;9;8,0;1;310;1;1620;9;;;;;;;;;;;;;;;21;1;1609;9;96;1;450;9;579;9;416;9;9,1;9;;;57;9;;;;;;;;;;;;;;;;;;;;;;;;;;;;;;;;;;;;;;;;;;;;;4,5;9;;;;;;;;;;;;
13001009;20170414;0,0;1;;;6,1;1;431;9;25,4;1;1505;9;16,6;1;15,75;1;3,1;1;;;0;9;19,3;1;15,8;1;;;;;1,7;1;10,5;1;290;1;1452;9;5,7;1;290;1;1508;9;;;;;;;;;;;;;;;21;1;1442;9;89;1;458;9;458;9;230;9;9,4;9;;;54;9;;;;;;;;;;;;;;;;;;;;;;;;;;;;;;;;;;;;;;;;;;;;;4,1;9;;;;;;;;;;;;
13001009;20170415;0,0;1;;;8,9;1;511;9;22,0;1;1410;9;15,8;1;15,45;1;6,2;1;;;0;9;13,1;1;15,5;1;;;;;3,3;1;16,6;1;330;1;1413;9;7,6;1;320;1;1421;9;;;;;;;;;;;;;;;30;1;1323;9;86;1;510;9;462;9;185;9;9,1;9;;;53;9;;;;;;;;;;;;;;;;;;;;;;;;;;;;;;;;;;;;;;;;;;;;;4,5;9;;;;;;;;;;;;
13001009;20170416;0,0;1;;;6,8;1;511;9;21,1;1;1229;9;15,2;1;13,95;1;3,9;1;;;0;9;14,3;1;14,0;1;;;;;4,1;1;19,3;1;320;1;1308;9;9,1;1;320;1;1320;9;;;;;;;;;;;;;;;30;1;2113;9;87;1;513;9;689;9;113;9;8,1;9;;;49;9;;;;;;;;;;;;;;;;;;;;;;;;;;;;;;;;;;;;;;;;;;;;;5,0;9;;;;;;;;;;;;
13001009;20170417;0,0;1;;;5,7;1;511;9;22,4;1;1507;9;15,0;1;14,05;1;2,2;1;;;0;9;16,7;1;14,1;1;;;;;2,7;1;13,7;1;310;1;1537;9;6,9;1;310;1;1516;9;;;;;;;;;;;;;;;21;1;1457;9;80;1;528;9;733;9;1;9;7,2;9;;;45;9;;;;;;;;;;;;;;;;;;;;;;;;;;;;;;;;;;;;;;;;;;;;;4,9;9;;;;;;;;;;;;
13001009;20170418;0,0;1;;;8,4;1;508;9;17,6;1;1357;9;12,3;1;13,00;1;4,8;1;;;0;9;9,2;1;13,0;1;;;;;3,5;1;20,0;1;280;1;1243;9;7,3;1;310;1;1022;9;;;;;;;;;;;;;;;18;1;1508;9;70;1;459;9;754;9;0;9;5,7;9;;;41;9;;;;;;;;;;;;;;;;;;;;;;;;;;;;;;;;;;;;;;;;;;;;;5,4;9;;;;;;;;;;;;
13001009;20170419;0,0;1;;;3,2;1;530;9;17,4;1;1347;9;10,2;1;10,30;1;0,4;1;;;0;9;14,2;1;10,3;1;;;;;2,8;1;15,5;1;340;1;1640;9;8,0;1;330;1;1641;9;;;;;;;;;;;;;;;17;1;1338;9;74;1;2330;9;887;9;0;9;4,6;9;;;40;9;;;;;;;;;;;;;;;;;;;;;;;;;;;;;;;;;;;;;;;;;;;;;4,4;9;;;;;;;;;;;;
13001009;20170420;0,0;1;;;3,6;1;344;9;16,9;1;1408;9;10,1;1;10,25;1;0,4;1;;;0;9;13,3;1;10,3;1;;;;;1,8;1;10,0;1;330;1;1214;9;5,6;1;300;1;1246;9;;;;;;;;;;;;;;;15;1;1455;9;84;1;346;9;734;9;150;9;5,3;9;;;47;9;;;;;;;;;;;;;;;;;;;;;;;;;;;;;;;;;;;;;;;;;;;;;3,9;9;;;;;;;;;;;;
13001009;20170421;0,0;1;;;2,5;1;444;9;19,2;1;1245;9;10,7;1;10,85;1;-0,5;1;;;0;9;16,7;1;10,9;1;;;;;1,5;1;8,3;1;200;1;1401;9;5,1;1;200;1;1347;9;;;;;;;;;;;;;;;17;1;1306;9;89;1;2353;9;449;9;215;9;6,6;9;;;56;9;;;;;;;;;;;;;;;;;;;;;;;;;;;;;;;;;;;;;;;;;;;;;3,5;9;;;;;;;;;;;;
13001009;20170422;0,0;1;;;3,5;1;432;9;20,4;1;1226;9;12,2;1;11,95;1;0,5;1;;;0;9;16,9;1;12,0;1;;;;;1,7;1;11,1;1;220;1;1449;9;5,1;1;210;1;1453;9;;;;;;;;;;;;;;;22;1;1229;9;95;1;503;9;273;9;706;9;9,2;9;;;69;9;;;;;;;;;;;;;;;;;;;;;;;;;;;;;;;;;;;;;;;;;;;;;3,2;9;;;;;;;;;;;;
13001009;20170423;0,2;1;;;7,7;1;515;9;22,8;1;1513;9;14,5;1;15,25;1;6,0;1;;;0;9;15,1;1;15,3;1;;;;;1,4;1;9,1;1;300;1;1259;9;4,4;1;200;1;1708;9;;;;;;;;;;;;;;;27;1;1235;9;97;1;414;9;416;9;524;9;9,4;9;;;63;9;;;;;;;;;;;;;;;;;;;;;;;;;;;;;;;;;;;;;;;;;;;;;4,2;9;;;;;;;;;;;;
13001009;20170424;0,0;1;;;7,3;1;430;9;21,0;1;1133;9;14,8;1;14,15;1;3,8;1;;;0;9;13,7;1;14,2;1;;;;;1,6;1;7,5;1;240;1;1141;9;4,1;1;120;1;852;9;;;;;;;;;;;;;;;46;1;1015;9;94;1;444;9;0;9;445;9;11,4;9;;;69;9;;;;;;;;;;;;;;;;;;;;;;;;;;;;;;;;;;;;;;;;;;;;;3,2;9;;;;;;;;;;;;
13001009;20170425;13,7;1;;;8,3;1;423;9;21,4;1;1138;9;15,0;1;14,85;1;4,7;1;;;0;9;13,1;1;14,9;1;;;;;2,3;1;9,4;1;130;1;1112;9;5,1;1;200;1;1237;9;;;;;;;;;;;;;;;24;1;1544;9;94;1;446;9;534;9;373;9;9,0;9;;;57;9;;;;;;;;;;;;;;;;;;;;;;;;;;;;;;;;;;;;;;;;;;;;;3,8;9;;;;;;;;;;;;
13001009;20170426;1,8;1;;;12,2;1;39;9;14,8;1;1359;9;12,3;1;13,50;1;10,7;1;;;0;9;2,6;1;13,5;1;;;;;1,4;1;7,4;1;90;1;143;9;3,9;1;100;1;158;9;;;;;;;;;;;;;;;72;1;1753;9;96;1;402;9;0;9;1127;9;12,4;9;;;86;9;;;;;;;;;;;;;;;;;;;;;;;;;;;;;;;;;;;;;;;;;;;;;1,8;9;;;;;;;;;;;;
13001009;20170427;0,0;1;;;6,5;1;339;9;12,7;1;1553;9;8,3;1;9,60;1;5,4;1;;;0;9;6,2;1;9,6;1;;;;;3,0;1;13,5;1;300;1;2159;9;6,9;1;310;9;2201;9;;;;;;;;;;;;;;;46;1;1623;9;89;1;1;9;0;9;410;9;7,4;9;;;68;9;;;;;;;;;;;;;;;;;;;;;;;;;;;;;;;;;;;;;;;;;;;;;2,6;9;;;;;;;;;;;;
13001009;20170428;0,0;1;;;4,4;1;507;9;14,7;1;1544;9;9,2;1;9,55;1;3,3;1;;;0;9;10,3;1;9,6;1;;;;;4,5;1;19,1;1;330;1;819;9;8,9;1;320;1;850;9;;;;;;;;;;;;;;;30;1;1506;9;74;1;2317;9;521;9;0;9;5,6;9;;;50;9;;;;;;;;;;;;;;;;;;;;;;;;;;;;;;;;;;;;;;;;;;;;;4,4;9;;;;;;;;;;;;
13001009;20170429;0,0;1;;;2,4;1;313;9;20,1;1;1314;9;12,2;1;11,25;1;-0,4;1;;;0;9;17,7;1;11,3;1;;;;;1,9;1;9,8;1;190;1;1323;9;5,0;1;220;1;1259;9;;;;;;;;;;;;;;;21;1;1110;9;86;1;2349;9;516;9;198;9;7,2;9;;;55;9;;;;;;;;;;;;;;;;;;;;;;;;;;;;;;;;;;;;;;;;;;;;;3,8;9;;;;;;;;;;;;
13001009;20170430;14,5;1;;;6,1;1;228;9;15,6;1;1353;9;11,6;1;10,85;1;3,0;1;;;0;9;9,5;1;10,9;1;;;;;3,1;1;13,2;1;310;1;2331;9;6,1;1;160;1;1407;9;;;;;;;;;;;;;;;35;1;1358;9;94;1;2318;9;12;9;355;9;8,7;9;;;65;9;;;;;;;;;;;;;;;;;;;;;;;;;;;;;;;;;;;;;;;;;;;;;2,5;9;;;;;;;;;;;;
13001009;20170501;0,0;1;;;5,8;1;528;9;17,2;1;1354;9;11,0;1;11,50;1;5,1;1;;;0;9;11,4;1;11,5;1;;;;;2,8;1;13,5;1;300;1;1444;9;7,0;1;310;1;1212;9;;;;;;;;;;;;;;;33;1;1553;9;95;1;410;9;139;9;457;9;8,3;9;;;67;9;;;;;;;;;;;;;;;;;;;;;;;;;;;;;;;;;;;;;;;;;;;;;3,7;9;;;;;;;;;;;;
13001009;20170502;3,4;1;;;3,9;1;335;9;16,1;1;1551;9;10,5;1;10,00;1;1,2;1;;;0;9;12,2;1;10,0;1;;;;;1,5;1;9,4;1;220;1;1331;9;4,6;1;240;1;1335;9;;;;;;;;;;;;;;;59;1;818;9;93;1;329;9;0;9;765;9;10,2;9;;;79;9;;;;;;;;;;;;;;;;;;;;;;;;;;;;;;;;;;;;;;;;;;;;;1,6;9;;;;;;;;;;;;
13001009;20170503;0,2;1;;;5,2;1;415;9;18,8;1;1506;9;12,2;1;12,00;1;2,2;1;;;0;9;13,6;1;12,0;1;;;;;1,4;1;7,5;1;260;1;1517;9;4,1;1;250;1;1340;9;;;;;;;;;;;;;;;33;1;1301;9;96;1;324;9;229;9;616;9;8,9;9;;;67;9;;;;;;;;;;;;;;;;;;;;;;;;;;;;;;;;;;;;;;;;;;;;;3,2;9;;;;;;;;;;;;
13001009;20170504;0,6;1;;;5,9;1;250;9;19,1;1;1128;9;12,4;1;12,50;1;2,9;1;;;0;9;13,2;1;12,5;1;;;;;1,4;1;6,8;1;260;1;1253;9;3,7;1;210;1;1112;9;;;;;;;;;;;;;;;39;1;1136;9;96;1;115;9;6;9;652;9;9,9;9;;;72;9;;;;;;;;;;;;;;;;;;;;;;;;;;;;;;;;;;;;;;;;;;;;;2,8;9;;;;;;;;;;;;
13001009;20170505;0,0;1;;;6,1;1;338;9;23,2;1;1321;9;15,6;1;14,65;1;2,6;1;;;0;9;17,1;1;14,7;1;;;;;2,3;1;11,1;1;90;1;2350;9;5,6;1;110;9;2358;9;;;;;;;;;;;;;;;34;1;1200;9;96;1;153;9;123;9;339;9;9,9;9;;;59;9;;;;;;;;;;;;;;;;;;;;;;;;;;;;;;;;;;;;;;;;;;;;;3,8;9;;;;;;;;;;;;
13001009;20170506;20,6;1;;;10,7;1;927;9;18,7;1;701;9;14,7;1;14,70;1;9,8;1;;;0;9;8,0;1;14,7;1;;;;;3,3;1;17,2;1;110;1;554;9;7,2;1;100;1;46;9;;;;;;;;;;;;;;;32;1;310;9;94;1;936;9;347;9;476;9;10,2;9;;;64;9;;;;;;;;;;;;;;;;;;;;;;;;;;;;;;;;;;;;;;;;;;;;;3,1;9;;;;;;;;;;;;
13001009;20170507;0,0;1;;;7,1;1;339;9;21,0;1;1434;9;15,3;1;14,05;1;3,2;1;;;0;9;13,9;1;14,1;1;;;;;4,2;1;17,8;1;320;1;1419;9;8,4;1;320;1;1338;9;;;;;;;;;;;;;;;32;1;1439;9;98;1;453;9;390;9;350;9;9,5;9;;;59;9;;;;;;;;;;;;;;;;;;;;;;;;;;;;;;;;;;;;;;;;;;;;;4,7;9;;;;;;;;;;;;
13001009;20170508;0,0;1;;;11,3;1;427;9;21,3;1;1403;9;15,6;1;16,30;1;8,2;1;;;0;9;10,0;1;16,3;1;;;;;3,7;1;15,4;1;300;1;751;9;7,1;1;320;1;753;9;;;;;;;;;;;;;;;37;1;1403;9;78;1;2349;9;43;9;0;9;9,6;9;;;56;9;;;;;;;;;;;;;;;;;;;;;;;;;;;;;;;;;;;;;;;;;;;;;5,5;9;;;;;;;;;;;;
13001009;20170509;0,0;1;;;5,8;1;448;9;23,7;1;1247;9;15,7;1;14,75;1;2,2;1;;;0;9;17,9;1;14,8;1;;;;;1,4;1;8,3;1;230;1;1419;9;4,5;1;240;1;1330;9;;;;;;;;;;;;;;;38;1;1238;9;90;1;408;9;165;9;304;9;10,3;9;;;60;9;;;;;;;;;;;;;;;;;;;;;;;;;;;;;;;;;;;;;;;;;;;;;4,2;9;;;;;;;;;;;;
13001009;20170510;0,0;1;;;10,4;1;254;9;19,7;1;1603;9;15,9;1;15,05;1;6,9;1;;;0;9;9,3;1;15,1;1;;;;;2,4;1;11,5;1;100;1;2329;9;5,2;1;110;9;2330;9;;;;;;;;;;;;;;;40;1;1653;9;87;1;25;9;4;9;196;9;11,2;9;;;63;9;;;;;;;;;;;;;;;;;;;;;;;;;;;;;;;;;;;;;;;;;;;;;2,9;9;;;;;;;;;;;;
13001009;20170511;2,2;1;;;15,0;1;235;9;19,8;1;857;9;16,4;1;17,40;1;13,0;1;;;0;9;4,8;1;17,4;1;;;;;4,5;1;21,9;1;130;1;1051;9;8,9;1;120;1;1042;9;;;;;;;;;;;;;;;54;1;829;9;88;1;1337;9;0;9;433;9;13,2;9;;;71;9;;;;;;;;;;;;;;;;;;;;;;;;;;;;;;;;;;;;;;;;;;;;;3,7;9;;;;;;;;;;;;
13001009;20170512;0,0;1;;;12,6;1;452;9;23,9;1;1132;9;18,0;1;18,25;1;10,7;1;;;0;9;11,3;1;18,3;1;;;;;2,3;1;10,8;1;180;1;1445;9;6,1;1;190;1;1451;9;;;;;;;;;;;;;;;41;1;1451;9;93;1;239;9;0;9;377;9;13,2;9;;;66;9;;;;;;;;;;;;;;;;;;;;;;;;;;;;;;;;;;;;;;;;;;;;;4,6;9;;;;;;;;;;;;
13001009;20170513;0,0;1;;;11,1;1;428;9;25,2;1;1407;9;17,7;1;18,15;1;9,1;1;;;0;9;14,1;1;18,2;1;;;;;1,8;1;9,5;1;280;1;1231;9;4,2;1;240;1;1449;9;;;;;;;;;;;;;;;36;1;1304;9;92;1;428;9;35;9;680;9;13,6;9;;;70;9;;;;;;;;;;;;;;;;;;;;;;;;;;;;;;;;;;;;;;;;;;;;;4,4;9;;;;;;;;;;;;
13001009;20170514;0,0;1;;;11,0;1;419;9;25,7;1;1458;9;18,8;1;18,35;1;9,0;1;;;0;9;14,7;1;18,4;1;;;;;1,6;1;7,8;1;310;1;1512;9;4,1;1;300;1;1516;9;;;;;;;;;;;;;;;24;1;1555;9;96;1;351;9;414;9;432;9;12,2;9;;;61;9;;;;;;;;;;;;;;;;;;;;;;;;;;;;;;;;;;;;;;;;;;;;;4,6;9;;;;;;;;;;;;
13001009;20170515;0,0;1;;;10,1;1;355;9;28,5;1;1412;9;19,7;1;19,30;1;7,4;1;;;0;9;18,4;1;19,3;1;;;;;1,2;1;8,2;1;300;1;1611;9;4,4;1;300;1;1612;9;;;;;;;;;;;;;;;21;1;1349;9;94;1;407;9;553;9;362;9;11,9;9;;;57;9;;;;;;;;;;;;;;;;;;;;;;;;;;;;;;;;;;;;;;;;;;;;;5,3;9;;;;;;;;;;;;
13001009;20170516;0,0;1;;;13,0;1;226;9;28,4;1;1304;9;20,8;1;20,70;1;10,7;1;;;0;9;15,4;1;20,7;1;;;;;1,6;1;9,2;1;310;1;1238;9;4,9;1;190;1;1311;9;;;;;;;;;;;;;;;26;1;1309;9;81;1;434;9;663;9;55;9;11,4;9;;;50;9;;;;;;;;;;;;;;;;;;;;;;;;;;;;;;;;;;;;;;;;;;;;;5,6;9;;;;;;;;;;;;
13001009;20170517;0,0;1;;;11,7;1;414;9;28,3;1;1106;9;20,7;1;20,00;1;10,0;1;;;0;9;16,6;1;20,0;1;;;;;1,4;1;9,0;1;210;1;1328;9;4,9;1;260;1;1430;9;;;;;;;;;;;;;;;24;1;937;9;84;1;414;9;674;9;153;9;11,1;9;;;50;9;;;;;;;;;;;;;;;;;;;;;;;;;;;;;;;;;;;;;;;;;;;;;5,7;9;;;;;;;;;;;;
13001009;20170518;1,8;1;;;14,9;1;414;9;27,0;1;1241;9;21,2;1;20,95;1;12,7;1;;;0;9;12,1;1;21,0;1;;;;;2,3;1;12,6;1;180;1;1330;9;6,6;1;160;1;1334;9;;;;;;;;;;;;;;;21;1;1259;9;82;1;2351;9;663;9;63;9;11,5;9;;;48;9;;;;;;;;;;;;;;;;;;;;;;;;;;;;;;;;;;;;;;;;;;;;;6,0;9;;;;;;;;;;;;
13001009;20170519;0,0;1;;;10,2;1;542;9;21,0;1;1553;9;15,5;1;15,60;1;10,0;1;;;0;9;10,8;1;15,6;1;;;;;3,0;1;13,7;1;330;1;1344;9;6,6;1;290;1;1126;9;;;;;;;;;;;;;;;30;1;1404;9;94;1;157;9;311;9;463;9;10,3;9;;;62;9;;;;;;;;;;;;;;;;;;;;;;;;;;;;;;;;;;;;;;;;;;;;;5,0;9;;;;;;;;;;;;
13001009;20170520;0,0;1;;;9,1;1;441;9;22,0;1;1531;9;16,1;1;15,55;1;7,1;1;;;0;9;12,9;1;15,6;1;;;;;3,9;1;17,0;1;320;1;1209;9;8,7;1;310;1;1212;9;;;;;;;;;;;;;;;27;1;1519;9;75;1;446;9;602;9;0;9;8,0;9;;;46;9;;;;;;;;;;;;;;;;;;;;;;;;;;;;;;;;;;;;;;;;;;;;;6,0;9;;;;;;;;;;;;
13001009;20170521;0,0;1;;;7,6;1;416;9;26,1;1;1320;9;18,0;1;16,85;1;4,9;1;;;0;9;18,5;1;16,9;1;;;;;1,3;1;8,8;1;260;1;1401;9;4,2;1;270;1;1406;9;;;;;;;;;;;;;;;27;1;1304;9;81;1;425;9;627;9;43;9;9,9;9;;;52;9;;;;;;;;;;;;;;;;;;;;;;;;;;;;;;;;;;;;;;;;;;;;;4,9;9;;;;;;;;;;;;
13001009;20170522;0,0;1;;;10,3;1;308;9;25,1;1;1451;9;18,4;1;17,70;1;7,9;1;;;0;9;14,8;1;17,7;1;;;;;1,1;1;6,9;1;240;1;1228;9;4,1;1;270;1;1236;9;;;;;;;;;;;;;;;22;1;1457;9;86;1;302;9;430;9;187;9;10,5;9;;;53;9;;;;;;;;;;;;;;;;;;;;;;;;;;;;;;;;;;;;;;;;;;;;;4,4;9;;;;;;;;;;;;
13001009;20170523;0,2;1;;;10,8;1;411;9;30,9;1;1445;9;21,1;1;20,85;1;8,8;1;;;0;9;20,1;1;20,9;1;;;;;1,4;1;8,1;1;210;1;1525;9;4,5;1;280;1;1657;9;;;;;;;;;;;;;;;26;1;1410;9;94;1;429;9;526;9;341;9;13,1;9;;;57;9;;;;;;;;;;;;;;;;;;;;;;;;;;;;;;;;;;;;;;;;;;;;;5,3;9;;;;;;;;;;;;
13001009;20170524;0,0;1;;;14,3;1;355;9;29,3;1;1306;9;22,0;1;21,80;1;12,3;1;;;0;9;15,0;1;21,8;1;;;;;1,5;1;7,1;1;260;1;1423;9;4,0;1;230;1;1423;9;;;;;;;;;;;;;;;39;1;1233;9;88;1;400;9;58;9;332;9;15,5;9;;;61;9;;;;;;;;;;;;;;;;;;;;;;;;;;;;;;;;;;;;;;;;;;;;;5,4;9;;;;;;;;;;;;
13001009;20170525;0,0;1;;;14,1;1;402;9;29,9;1;1135;9;22,5;1;22,00;1;11,9;1;;;0;9;15,8;1;22,0;1;;;;;1,3;1;9,5;1;180;1;1121;9;4,9;1;200;1;1238;9;;;;;;;;;;;;;;;31;1;1136;9;93;1;408;9;271;9;425;9;15,8;9;;;61;9;;;;;;;;;;;;;;;;;;;;;;;;;;;;;;;;;;;;;;;;;;;;;5,4;9;;;;;;;;;;;;
13001009;20170526;0,0;1;;;16,1;1;143;9;28,9;1;1305;9;22,3;1;22,50;1;14,1;1;;;0;9;12,8;1;22,5;1;;;;;1,4;1;9,5;1;260;1;1436;9;4,3;1;230;1;1415;9;;;;;;;;;;;;;;;27;1;1534;9;87;1;41;9;545;9;351;9;13,5;9;;;54;9;;;;;;;;;;;;;;;;;;;;;;;;;;;;;;;;;;;;;;;;;;;;;6,0;9;;;;;;;;;;;;
13001009;20170527;0,0;1;;;13,8;1;350;9;29,7;1;1312;9;22,1;1;21,75;1;11,7;1;;;0;9;15,9;1;21,8;1;;;;;1,3;1;8,2;1;190;1;1344;9;4,4;1;250;1;1207;9;;;;;;;;;;;;;;;26;1;1313;9;77;1;354;9;709;9;0;9;11,7;9;;;48;9;;;;;;;;;;;;;;;;;;;;;;;;;;;;;;;;;;;;;;;;;;;;;6,1;9;;;;;;;;;;;;
13001009;20170528;0,0;1;;;13,8;1;406;9;30,7;1;1218;9;22,4;1;22,25;1;11,5;1;;;0;9;16,9;1;22,3;1;;;;;1,4;1;7,9;1;190;1;1224;9;4,5;1;210;1;1232;9;;;;;;;;;;;;;;;20;1;1433;9;81;1;254;9;687;9;105;9;11,3;9;;;46;9;;;;;;;;;;;;;;;;;;;;;;;;;;;;;;;;;;;;;;;;;;;;;6,6;9;;;;;;;;;;;;
13001009;20170529;0,0;1;;;12,8;1;359;9;29,1;1;1031;9;22,3;1;20,95;1;10,6;1;;;0;9;16,3;1;21,0;1;;;;;1,3;1;7,6;1;270;1;1034;9;4,2;1;230;1;1202;9;;;;;;;;;;;;;;;23;1;1552;9;74;1;359;9;726;9;0;9;11,3;9;;;45;9;;;;;;;;;;;;;;;;;;;;;;;;;;;;;;;;;;;;;;;;;;;;;6,2;9;;;;;;;;;;;;
13001009;20170530;0,0;1;;;13,2;1;410;9;29,2;1;1436;9;21,7;1;21,20;1;10,6;1;;;0;9;16,0;1;21,2;1;;;;;1,3;1;9,2;1;260;1;1604;9;4,2;1;250;1;1611;9;;;;;;;;;;;;;;;22;1;1445;9;86;1;411;9;482;9;88;9;12,4;9;;;52;9;;;;;;;;;;;;;;;;;;;;;;;;;;;;;;;;;;;;;;;;;;;;;5,7;9;;;;;;;;;;;;
13001009;20170531;0,0;1;;;16,8;1;2342;9;29,0;1;1424;9;21,9;1;22,90;1;14,5;1;;;0;9;12,2;1;22,9;1;;;;;1,1;1;6,3;1;190;1;1408;9;3,5;1;230;1;1717;9;;;;;;;;;;;;;;;28;1;1425;9;77;1;615;9;304;9;0;9;13,7;9;;;54;9;;;;;;;;;;;;;;;;;;;;;;;;;;;;;;;;;;;;;;;;;;;;;5,0;9;;;;;;;;;;;;
13001009;20170601;2,2;1;;;15,5;1;347;9;24,5;1;940;9;19,6;1;20,00;1;13,4;1;;;0;9;9,0;1;20,0;1;;;;;0,9;1;10,5;1;110;1;1151;9;4,5;1;80;1;1153;9;;;;;;;;;;;;;;;55;1;744;9;95;1;2359;9;0;9;637;9;17,2;9;;;76;9;;;;;;;;;;;;;;;;;;;;;;;;;;;;;;;;;;;;;;;;;;;;;4,1;9;;;;;;;;;;;;
13001009;20170602;0,0;1;;;16,5;1;415;9;27,4;1;1337;9;21,5;1;21,95;1;15,2;1;;;0;9;10,9;1;22,0;1;;;;;1,5;1;9,4;1;180;1;1542;9;5,0;1;200;1;1544;9;;;;;;;;;;;;;;;44;1;1045;9;95;1;1;9;0;9;641;9;17,8;9;;;72;9;;;;;;;;;;;;;;;;;;;;;;;;;;;;;;;;;;;;;;;;;;;;;5,3;9;;;;;;;;;;;;
13001009;20170603;10,6;1;;;16,0;1;411;9;27,4;1;1102;9;20,7;1;21,70;1;14,4;1;;;0;9;11,4;1;21,7;1;;;;;1,6;1;9,0;1;180;1;1212;9;5,1;1;200;1;1510;9;;;;;;;;;;;;;;;47;1;1052;9;96;1;2137;9;0;9;710;9;18,1;9;;;76;9;;;;;;;;;;;;;;;;;;;;;;;;;;;;;;;;;;;;;;;;;;;;;4,6;9;;;;;;;;;;;;
13001009;20170604;0,0;1;;;14,6;1;323;9;26,2;1;1227;9;20,2;1;20,40;1;12,7;1;;;0;9;11,6;1;20,4;1;;;;;2,4;1;14,1;1;300;1;1516;9;6,3;1;300;1;1500;9;;;;;;;;;;;;;;;41;1;1510;9;98;1;331;9;0;9;416;9;15,1;9;;;66;9;;;;;;;;;;;;;;;;;;;;;;;;;;;;;;;;;;;;;;;;;;;;;5,5;9;;;;;;;;;;;;
13001009;20170605;0,0;1;;;13,3;1;358;9;27,6;1;1433;9;20,6;1;20,45;1;11,8;1;;;0;9;14,3;1;20,5;1;;;;;1,0;1;7,7;1;180;1;1457;9;3,6;1;210;1;1313;9;;;;;;;;;;;;;;;23;1;1705;9;86;1;423;9;428;9;174;9;13,0;9;;;57;9;;;;;;;;;;;;;;;;;;;;;;;;;;;;;;;;;;;;;;;;;;;;;5,5;9;;;;;;;;;;;;
13001009;20170606;0,0;1;;;14,3;1;237;9;26,6;1;1129;9;20,2;1;20,45;1;12,1;1;;;0;9;12,3;1;20,5;1;;;;;3,0;1;13,5;1;320;1;1410;9;7,5;1;310;1;1604;9;;;;;;;;;;;;;;;28;1;1356;9;85;1;239;9;745;9;255;9;11,1;9;;;49;9;;;;;;;;;;;;;;;;;;;;;;;;;;;;;;;;;;;;;;;;;;;;;6,4;9;;;;;;;;;;;;
13001009;20170607;0,0;1;;;11,8;1;408;9;23,3;1;1355;9;18,1;1;17,55;1;9,3;1;;;0;9;11,5;1;17,6;1;;;;;3,8;1;16,8;1;330;1;1157;9;7,5;1;300;1;1529;9;;;;;;;;;;;;;;;24;1;1451;9;64;1;408;9;832;9;0;9;7,8;9;;;40;9;;;;;;;;;;;;;;;;;;;;;;;;;;;;;;;;;;;;;;;;;;;;;7,1;9;;;;;;;;;;;;
13001009;20170608;0,0;1;;;11,0;1;101;9;29,0;1;1227;9;21,1;1;20,00;1;8,1;1;;;0;9;18,0;1;20,0;1;;;;;1,8;1;8,1;1;190;1;1255;9;4,2;1;280;1;1245;9;;;;;;;;;;;;;;;25;1;1136;9;79;1;2323;9;568;9;0;9;11,4;9;;;48;9;;;;;;;;;;;;;;;;;;;;;;;;;;;;;;;;;;;;;;;;;;;;;5,9;9;;;;;;;;;;;;
13001009;20170609;0,0;1;;;13,4;1;340;9;28,9;1;1525;9;21,0;1;21,15;1;11,6;1;;;0;9;15,5;1;21,2;1;;;;;1,5;1;7,3;1;270;1;1454;9;4,0;1;270;1;1501;9;;;;;;;;;;;;;;;29;1;1520;9;87;1;342;9;465;9;324;9;13,2;9;;;57;9;;;;;;;;;;;;;;;;;;;;;;;;;;;;;;;;;;;;;;;;;;;;;5,6;9;;;;;;;;;;;;
13001009;20170610;0,0;1;;;14,3;1;401;9;32,8;1;1457;9;24,5;1;23,55;1;12,1;1;;;0;9;18,5;1;23,6;1;;;;;1,7;1;8,9;1;240;1;1134;9;4,7;1;270;1;1218;9;;;;;;;;;;;;;;;19;1;1641;9;81;1;441;9;570;9;40;1;14,0;9;;;51;9;;;;;;;;;;;;;;;;;;;;;;;;;;;;;;;;;;;;;;;;;;;;;6,7;9;;;;;;;;;;;;
13001009;20170611;0,0;1;;;16,2;1;335;9;32,0;1;1450;9;25,0;1;24,10;1;;;;;0;9;15,8;1;24,1;1;;;;;1,5;1;9,2;1;280;1;1132;9;4,8;1;260;1;1209;9;;;;;;;;;;;;;;;23;1;1435;9;87;1;337;9;;;238;9;15,1;9;;;52;9;;;;;;;;;;;;;;;;;;;;;;;;;;;;;;;;;;;;;;;;;;;;;6,5;9;;;;;;;;;;;;
13001009;20170612;0,0;1;;;17,2;1;358;9;34,5;1;1413;9;26,6;1;25,85;1;;;;;0;9;17,3;1;25,9;1;;;;;1,4;1;8,0;1;250;1;1416;9;4,3;1;240;1;1506;9;;;;;;;;;;;;;;;29;1;1125;9;81;1;404;9;576;9;43;9;17,2;9;;;53;9;;;;;;;;;;;;;;;;;;;;;;;;;;;;;;;;;;;;;;;;;;;;;6,7;9;;;;;;;;;;;;
13001009;20170613;0,0;1;;;20,3;1;351;9;32,7;1;1500;9;26,6;1;26,50;1;18,3;1;;;0;9;12,4;1;26,5;1;;;;;1,5;1;9,0;1;200;1;1326;9;4,2;1;250;1;1329;9;;;;;;;;;;;;;;;32;1;1646;9;86;1;351;9;326;9;235;1;18,4;9;;;55;9;;;;;;;;;;;;;;;;;;;;;;;;;;;;;;;;;;;;;;;;;;;;;6,7;9;;;;;;;;;;;;
13001009;20170614;0,0;1;;;17,0;1;359;9;32,8;1;1125;9;25,7;1;24,90;1;14,1;1;;;0;9;15,8;1;24,9;1;;;;;1,5;1;7,5;1;220;1;1202;9;4,5;1;210;1;1207;9;;;;;;;;;;;;;;;21;1;1118;9;78;1;254;9;628;9;0;9;15,4;9;;;51;9;;;;;;;;;;;;;;;;;;;;;;;;;;;;;;;;;;;;;;;;;;;;;6,7;9;;;;;;;;;;;;
13001009;20170615;0,0;1;;;19,7;1;402;9;36,9;1;1533;9;28,2;1;28,30;1;17,4;1;;;0;9;17,2;1;28,3;1;;;;;1,8;1;10,8;1;270;1;1223;9;5,2;1;300;1;1540;9;;;;;;;;;;;;;;;18;1;1504;9;82;1;209;9;400;9;129;9;18,1;9;;;51;9;;;;;;;;;;;;;;;;;;;;;;;;;;;;;;;;;;;;;;;;;;;;;7,5;9;;;;;;;;;;;;
13001009;20170616;0,0;1;;;21,4;1;309;9;33,8;1;1323;9;27,7;1;27,60;1;19,4;1;;;0;9;12,4;1;27,6;1;;;;;3,2;1;17,4;1;330;1;1630;9;8,0;1;310;1;1424;9;;;;;;;;;;;;;;;21;1;1530;9;76;1;310;9;819;9;0;9;15,0;9;;;43;9;;;;;;;;;;;;;;;;;;;;;;;;;;;;;;;;;;;;;;;;;;;;;9,0;9;;;;;;;;;;;;
13001009;20170617;0,0;1;;;18,4;1;404;9;34,3;1;1409;9;26,8;1;26,35;1;16,3;1;;;0;9;15,9;1;26,4;1;;;;;1,7;1;9,4;1;320;1;1509;9;4,6;1;310;1;1512;9;;;;;;;;;;;;;;;24;1;1412;9;65;1;355;9;741;9;0;9;14,0;9;;;42;9;;;;;;;;;;;;;;;;;;;;;;;;;;;;;;;;;;;;;;;;;;;;;7,9;9;;;;;;;;;;;;
13001009;20170618;0,0;1;;;21,3;1;26;9;34,9;1;1241;9;28,6;1;28,10;1;19,1;1;;;0;9;13,6;1;28,1;1;;;;;2,6;1;10,7;1;70;1;1018;9;5,2;1;110;1;1659;9;;;;;;;;;;;;;;;23;1;1215;9;65;1;36;9;985;9;0;9;13,4;9;;;36;9;;;;;;;;;;;;;;;;;;;;;;;;;;;;;;;;;;;;;;;;;;;;;8,7;9;;;;;;;;;;;;
13001009;20170619;0,0;1;;;19,8;1;347;9;33,1;1;1224;9;26,3;1;26,45;1;17,7;1;;;0;9;13,3;1;26,5;1;;;;;1,8;1;10,5;1;200;1;1326;9;5,2;1;210;1;1329;9;;;;;;;;;;;;;;;23;1;1511;9;74;1;2348;9;800;9;0;9;13,4;9;;;42;9;;;;;;;;;;;;;;;;;;;;;;;;;;;;;;;;;;;;;;;;;;;;;7,9;9;;;;;;;;;;;;
13001009;20170620;0,0;1;;;17,0;1;323;9;31,6;1;1228;9;24,9;1;24,30;1;14,4;1;;;0;9;14,6;1;24,3;1;;;;;1,5;1;8,9;1;170;1;1110;9;4,3;1;240;1;1104;9;;;;;;;;;;;;;;;29;1;1147;9;85;1;2358;9;635;9;114;9;15,7;9;;;53;9;;;;;;;;;;;;;;;;;;;;;;;;;;;;;;;;;;;;;;;;;;;;;6,5;9;;;;;;;;;;;;
13001009;20170621;0,0;1;;;18,3;1;347;9;31,3;1;1305;9;25,1;1;24,80;1;15,9;1;;;0;9;13,0;1;24,8;1;;;;;1,7;1;8,2;1;210;1;1402;9;4,2;1;210;1;1511;9;;;;;;;;;;;;;;;33;1;1034;9;90;1;152;9;418;9;458;9;18,3;9;;;61;9;;;;;;;;;;;;;;;;;;;;;;;;;;;;;;;;;;;;;;;;;;;;;6,2;9;;;;;;;;;;;;
13001009;20170622;0,0;1;;;20,5;1;339;9;32,4;1;1221;9;25,7;1;26,45;1;19,6;1;;;0;9;11,9;1;26,5;1;;;;;1,7;1;8,8;1;210;1;1327;9;4,8;1;220;1;1334;9;;;;;;;;;;;;;;;43;1;1148;9;89;1;115;9;0;9;504;9;21,5;9;;;68;9;;;;;;;;;;;;;;;;;;;;;;;;;;;;;;;;;;;;;;;;;;;;;6,3;9;;;;;;;;;;;;
13001009;20170623;0,0;1;;;19,8;1;409;9;35,9;1;1341;9;27,0;1;27,85;1;18,9;1;;;0;9;16,1;1;27,9;1;;;;;1,7;1;8,4;1;250;1;1350;9;4,8;1;260;1;1423;9;;;;;;;;;;;;;;;36;1;1311;9;86;1;11;9;88;9;359;9;21,9;9;;;64;9;;;;;;;;;;;;;;;;;;;;;;;;;;;;;;;;;;;;;;;;;;;;;6,9;9;;;;;;;;;;;;
13001009;20170624;0,0;1;;;22,0;1;426;9;35,0;1;1148;9;27,2;1;28,50;1;21,3;1;;;0;9;13,0;1;28,5;1;;;;;1,9;1;11,0;1;210;1;1220;9;5,6;1;200;1;1238;9;;;;;;;;;;;;;;;37;1;1111;9;84;1;2121;9;160;9;484;9;21,4;9;;;62;9;;;;;;;;;;;;;;;;;;;;;;;;;;;;;;;;;;;;;;;;;;;;;7,4;9;;;;;;;;;;;;
13001009;20170625;0,0;1;;;20,9;1;432;9;32,8;1;1426;9;26,4;1;26,85;1;20,6;1;;;0;9;11,9;1;26,9;1;;;;;2,8;1;13,0;1;300;1;1321;9;6,5;1;310;1;1238;9;;;;;;;;;;;;;;;18;1;1816;9;87;1;318;9;612;9;312;9;16,0;9;;;51;9;;;;;;;;;;;;;;;;;;;;;;;;;;;;;;;;;;;;;;;;;;;;;8,4;9;;;;;;;;;;;;
13001009;20170626;0,0;1;;;19,3;1;41;9;32,3;1;1409;9;25,8;1;25,80;1;17,2;1;;;0;9;13,0;1;25,8;1;;;;;1,9;1;10,3;1;160;1;1301;9;5,3;1;140;1;1324;9;;;;;;;;;;;;;;;28;1;1203;9;77;1;157;9;372;9;0;9;17,7;9;;;55;9;;;;;;;;;;;;;;;;;;;;;;;;;;;;;;;;;;;;;;;;;;;;;6,0;9;;;;;;;;;;;;
13001009;20170627;7,8;1;;;19,4;1;340;9;32,6;1;1221;9;25,9;1;26,00;1;17,8;1;;;0;9;13,2;1;26,0;1;;;;;2,0;1;10,5;1;290;1;2200;9;5,1;1;180;1;1745;9;;;;;;;;;;;;;;;26;1;1227;9;92;1;2305;9;460;9;354;9;17,4;9;;;57;9;;;;;;;;;;;;;;;;;;;;;;;;;;;;;;;;;;;;;;;;;;;;;7,0;9;;;;;;;;;;;;
13001009;20170628;3,0;1;;;17,5;1;341;9;26,7;1;1100;9;20,8;1;22,10;1;16,8;1;;;0;9;9,2;1;22,1;1;;;;;2,2;1;15,1;1;240;1;1852;9;7,0;1;260;1;1858;9;;;;;;;;;;;;;;;41;1;1200;9;96;1;356;9;0;9;656;9;16,9;9;;;71;9;;;;;;;;;;;;;;;;;;;;;;;;;;;;;;;;;;;;;;;;;;;;;5,3;9;;;;;;;;;;;;
13001009;20170629;0,2;1;;;13,8;1;345;9;25,6;1;1328;9;19,9;1;19,70;1;12,6;1;;;0;9;11,8;1;19,7;1;;;;;2,4;1;10,5;1;250;1;1259;9;5,3;1;220;1;1206;9;;;;;;;;;;;;;;;30;1;1330;9;92;1;352;9;288;9;342;9;12,7;9;;;57;9;;;;;;;;;;;;;;;;;;;;;;;;;;;;;;;;;;;;;;;;;;;;;5,7;9;;;;;;;;;;;;
13001009;20170630;0,0;1;;;13,6;1;359;9;24,8;1;1200;9;19,3;1;19,20;1;12,2;1;;;0;9;11,2;1;19,2;1;;;;;2,5;1;12,8;1;260;1;1641;9;6,1;1;260;1;1649;9;;;;;;;;;;;;;;;29;1;1018;9;77;1;407;9;496;9;0;9;11,1;9;;;52;9;;;;;;;;;;;;;;;;;;;;;;;;;;;;;;;;;;;;;;;;;;;;;6,2;9;;;;;;;;;;;;
13001009;20170701;0,0;1;;;12,4;1;355;9;25,8;1;1428;9;19,4;1;19,10;1;10,8;1;;;0;9;13,4;1;19,1;1;;;;;3,6;1;15,3;1;310;1;1533;9;7,5;1;300;1;1511;9;;;;;;;;;;;;;;;28;1;1408;9;83;1;343;9;554;9;76;9;10,8;9;;;51;9;;;;;;;;;;;;;;;;;;;;;;;;;;;;;;;;;;;;;;;;;;;;;6,4;9;;;;;;;;;;;;
13001009;20170702;0,0;1;;;14,9;1;212;9;28,4;1;1333;9;21,9;1;21,65;1;13,1;1;;;0;9;13,5;1;21,7;1;;;;;2,7;1;12,1;1;310;1;1406;9;6,0;1;310;1;1212;9;;;;;;;;;;;;;;;31;1;1425;9;70;1;206;9;477;9;0;9;12,7;9;;;50;9;;;;;;;;;;;;;;;;;;;;;;;;;;;;;;;;;;;;;;;;;;;;;7,0;9;;;;;;;;;;;;
13001009;20170703;0,0;1;;;14,0;1;437;9;32,0;1;1353;9;23,7;1;23,00;1;12,2;1;;;0;9;18,0;1;23,0;1;;;;;1,4;1;9,1;1;290;1;1514;9;4,4;1;280;1;1516;9;;;;;;;;;;;;;;;27;1;1354;9;82;1;437;9;703;9;58;9;13,0;9;;;48;9;;;;;;;;;;;;;;;;;;;;;;;;;;;;;;;;;;;;;;;;;;;;;6,7;9;;;;;;;;;;;;
13001009;20170704;0,0;1;;;15,2;1;350;9;32,7;1;1401;9;24,5;1;23,95;1;13,0;1;;;0;9;17,5;1;24,0;1;;;;;1,6;1;8,9;1;240;1;1654;9;4,3;1;240;1;1659;9;;;;;;;;;;;;;;;21;1;1402;9;81;1;440;9;712;9;22;9;13,2;9;;;47;9;;;;;;;;;;;;;;;;;;;;;;;;;;;;;;;;;;;;;;;;;;;;;6,9;9;;;;;;;;;;;;
13001009;20170705;0,0;1;;;16,1;1;236;9;32,5;1;1148;9;24,6;1;24,30;1;13,8;1;;;0;9;16,4;1;24,3;1;;;;;1,5;1;8,9;1;270;1;1152;9;4,6;1;240;1;1556;9;;;;;;;;;;;;;;;19;1;1527;9;76;1;233;9;765;9;0;9;12,1;9;;;43;9;;;;;;;;;;;;;;;;;;;;;;;;;;;;;;;;;;;;;;;;;;;;;7,2;9;;;;;;;;;;;;
13001009;20170706;0,0;1;;;15,4;1;349;9;32,9;1;1036;9;25,9;1;24,15;1;13,0;1;;;0;9;17,5;1;24,2;1;;;;;1,5;1;9,6;1;200;1;1243;9;5,1;1;240;1;1118;9;;;;;;;;;;;;;;;17;1;1111;9;72;1;356;9;890;9;0;9;10,9;9;;;37;9;;;;;;;;;;;;;;;;;;;;;;;;;;;;;;;;;;;;;;;;;;;;;7,2;9;;;;;;;;;;;;
13001009;20170707;0,0;1;;;17,4;1;405;9;35,5;1;1347;9;26,8;1;26,45;1;15,5;1;;;0;9;18,1;1;26,5;1;;;;;1,4;1;8,8;1;310;1;1457;9;4,4;1;290;1;1503;9;;;;;;;;;;;;;;;16;1;1108;9;65;1;2300;9;721;9;0;9;12,7;9;;;40;9;;;;;;;;;;;;;;;;;;;;;;;;;;;;;;;;;;;;;;;;;;;;;7,6;9;;;;;;;;;;;;
13001009;20170708;0,0;1;;;19,3;1;231;9;36,4;1;1124;9;27,8;1;27,85;1;17,4;1;;;0;9;17,1;1;27,9;1;;;;;1,2;1;8,7;1;260;1;1206;9;4,5;1;260;1;1146;9;;;;;;;;;;;;;;;15;1;1123;9;66;1;11;9;929;9;0;9;12,6;9;;;37;9;;;;;;;;;;;;;;;;;;;;;;;;;;;;;;;;;;;;;;;;;;;;;7,9;9;;;;;;;;;;;;
13001009;20170709;0,0;1;;;24,5;1;607;9;32,4;1;1212;9;26,0;1;28,45;1;22,8;1;;;0;9;7,9;1;28,5;1;;;;;2,1;1;11,0;1;220;1;1444;9;5,5;1;240;1;1447;9;;;;;;;;;;;;;;;26;1;1153;9;86;1;2338;9;207;9;274;9;17,6;9;;;54;9;;;;;;;;;;;;;;;;;;;;;;;;;;;;;;;;;;;;;;;;;;;;;7,4;9;;;;;;;;;;;;
13001009;20170710;0,0;1;;;18,3;1;405;9;33,0;1;1242;9;25,0;1;25,65;1;16,8;1;;;0;9;14,7;1;25,7;1;;;;;1,8;1;11,3;1;210;1;1520;9;5,4;1;270;1;1518;9;;;;;;;;;;;;;;;29;1;1241;9;89;1;134;9;270;9;342;9;18,3;9;;;61;9;;;;;;;;;;;;;;;;;;;;;;;;;;;;;;;;;;;;;;;;;;;;;6,4;9;;;;;;;;;;;;
13001009;20170711;0,0;1;;;18,6;1;405;9;31,4;1;1403;9;24,6;1;25,00;1;17,5;1;;;0;9;12,8;1;25,0;1;;;;;1,6;1;8,3;1;190;1;1344;9;4,7;1;250;1;1502;9;;;;;;;;;;;;;;;35;1;1340;9;83;1;320;9;137;9;238;9;18,1;9;;;61;9;;;;;;;;;;;;;;;;;;;;;;;;;;;;;;;;;;;;;;;;;;;;;5,6;9;;;;;;;;;;;;
13001009;20170712;0,0;1;;;18,2;1;430;9;34,9;1;1304;9;27,1;1;26,55;1;16,6;1;;;0;9;16,7;1;26,6;1;;;;;2,7;1;12,3;1;210;1;1531;9;5,5;1;270;1;1404;9;;;;;;;;;;;;;;;25;1;1105;9;89;1;321;9;709;9;322;9;16,3;9;;;49;9;;;;;;;;;;;;;;;;;;;;;;;;;;;;;;;;;;;;;;;;;;;;;7,8;9;;;;;;;;;;;;
13001009;20170713;0,0;1;;;20,0;1;439;9;32,1;1;1436;9;26,3;1;26,05;1;18,5;1;;;0;9;12,1;1;26,1;1;;;;;3,6;1;15,3;1;310;1;1612;9;7,7;1;300;1;1521;9;;;;;;;;;;;;;;;24;1;1453;9;67;1;325;9;820;9;0;9;13,4;9;;;41;9;;;;;;;;;;;;;;;;;;;;;;;;;;;;;;;;;;;;;;;;;;;;;9,0;9;;;;;;;;;;;;
13001009;20170714;0,0;1;;;20,6;1;438;9;32,0;1;1337;9;26,0;1;26,30;1;20,0;1;;;0;9;11,4;1;26,3;1;;;;;4,3;1;16,2;1;330;1;1710;9;7,7;1;310;1;1600;9;;;;;;;;;;;;;;;24;1;1524;9;61;1;421;9;912;9;0;9;12,6;9;;;39;9;;;;;;;;;;;;;;;;;;;;;;;;;;;;;;;;;;;;;;;;;;;;;9,0;9;;;;;;;;;;;;
13001009;20170715;0,0;1;;;19,0;1;418;9;32,9;1;1454;9;26,0;1;25,95;1;16,1;1;;;0;9;13,9;1;26,0;1;;;;;2,9;1;12,4;1;300;1;1257;9;6,2;1;300;1;1259;9;;;;;;;;;;;;;;;20;1;1145;9;52;1;2353;9;1020;9;0;9;10,5;9;;;33;9;;;;;;;;;;;;;;;;;;;;;;;;;;;;;;;;;;;;;;;;;;;;;9,0;9;;;;;;;;;;;;
13001009;20170716;0,0;1;;;17,9;1;350;9;32,8;1;1247;9;25,7;1;25,35;1;15,8;1;;;0;9;14,9;1;25,4;1;;;;;1,5;1;10,9;1;230;1;1333;9;5,0;1;250;1;1333;9;;;;;;;;;;;;;;;19;1;1248;9;61;1;350;9;870;9;0;9;10,9;9;;;36;9;;;;;;;;;;;;;;;;;;;;;;;;;;;;;;;;;;;;;;;;;;;;;7,5;9;;;;;;;;;;;;
13001009;20170717;0,0;1;;;17,2;1;343;9;32,2;1;1133;9;24,8;1;24,70;1;15,8;1;;;0;9;15,0;1;24,7;1;;;;;1,6;1;9,2;1;250;1;1327;9;4,8;1;240;1;1321;9;;;;;;;;;;;;;;;19;1;1156;9;63;1;2351;9;757;9;0;9;11,3;9;;;39;9;;;;;;;;;;;;;;;;;;;;;;;;;;;;;;;;;;;;;;;;;;;;;7,3;9;;;;;;;;;;;;
13001009;20170718;0,0;1;;;16,5;1;359;9;32,3;1;1109;9;24,9;1;24,40;1;14,8;1;;;0;9;15,8;1;24,4;1;;;;;1,5;1;8,9;1;260;1;1212;9;4,4;1;270;1;1142;9;;;;;;;;;;;;;;;23;1;959;9;63;1;1;9;862;9;0;9;11,2;9;;;38;9;;;;;;;;;;;;;;;;;;;;;;;;;;;;;;;;;;;;;;;;;;;;;7,0;9;;;;;;;;;;;;
13001009;20170719;0,0;1;;;18,2;1;151;9;34,8;1;1343;9;26,0;1;26,50;1;16,6;1;;;0;9;16,6;1;26,5;1;;;;;1,8;1;9,2;1;210;1;1439;9;4,8;1;220;1;1529;9;;;;;;;;;;;;;;;15;1;1200;9;68;1;2200;9;628;9;0;9;13,3;9;;;43;9;;;;;;;;;;;;;;;;;;;;;;;;;;;;;;;;;;;;;;;;;;;;;7,3;9;;;;;;;;;;;;
13001009;20170720;0,4;1;;;21,5;1;234;9;33,1;1;1309;9;25,4;1;27,30;1;18,8;1;;;0;9;11,6;1;27,3;1;;;;;1,7;1;10,8;1;190;1;1334;9;5,4;1;210;1;1336;9;;;;;;;;;;;;;;;20;1;1104;9;72;1;325;9;565;9;0;9;14,3;9;;;46;9;;;;;;;;;;;;;;;;;;;;;;;;;;;;;;;;;;;;;;;;;;;;;7,2;9;;;;;;;;;;;;
13001009;20170721;0,0;1;;;18,2;1;229;9;32,1;1;1045;9;25,1;1;25,15;1;16,6;1;;;0;9;13,9;1;25,2;1;;;;;1,6;1;10,1;1;260;1;1204;9;5,1;1;260;1;1211;9;;;;;;;;;;;;;;;30;1;1046;9;83;1;2355;9;252;9;51;9;17,3;9;;;56;9;;;;;;;;;;;;;;;;;;;;;;;;;;;;;;;;;;;;;;;;;;;;;6,1;9;;;;;;;;;;;;
13001009;20170722;0,0;1;;;19,3;1;343;9;30,8;1;1021;9;25,1;1;25,05;1;17,7;1;;;0;9;11,5;1;25,1;1;;;;;1,6;1;10,9;1;240;1;1431;9;5,1;1;200;1;1313;9;;;;;;;;;;;;;;;38;1;1051;9;89;1;402;9;68;9;462;9;19,7;9;;;65;9;;;;;;;;;;;;;;;;;;;;;;;;;;;;;;;;;;;;;;;;;;;;;5,4;9;;;;;;;;;;;;
13001009;20170723;0,0;1;;;20,8;1;217;9;34,0;1;1337;9;26,6;1;27,40;1;20,0;1;;;0;9;13,2;1;27,4;1;;;;;2,1;1;9,8;1;270;1;1113;9;5,2;1;240;1;1403;9;;;;;;;;;;;;;;;25;1;1259;9;89;1;139;9;473;9;353;9;17,7;9;;;54;9;;;;;;;;;;;;;;;;;;;;;;;;;;;;;;;;;;;;;;;;;;;;;7,5;9;;;;;;;;;;;;
13001009;20170724;0,2;1;;;20,1;1;300;9;30,1;1;1315;9;24,0;1;25,10;1;18,7;1;;;0;9;10,0;1;25,1;1;;;;;4,9;1;16,8;1;290;1;1705;9;8,3;1;320;1;1601;9;;;;;;;;;;;;;;;29;1;1649;9;64;1;144;9;693;9;0;9;12,5;9;;;43;9;;;;;;;;;;;;;;;;;;;;;;;;;;;;;;;;;;;;;;;;;;;;;9,0;9;;;;;;;;;;;;
13001009;20170725;0,0;1;;;18,5;1;440;9;26,7;1;1337;9;22,3;1;22,60;1;17,7;1;;;0;9;8,2;1;22,6;1;;;;;6,0;1;20,7;1;300;1;1510;9;9,7;1;320;1;1057;9;;;;;;;;;;;;;;;29;1;1520;9;57;1;326;9;609;9;0;9;11,4;9;;;43;9;;;;;;;;;;;;;;;;;;;;;;;;;;;;;;;;;;;;;;;;;;;;;8,7;9;;;;;;;;;;;;
13001009;20170726;0,0;1;;;16,8;1;257;9;29,0;1;1333;9;23,4;1;22,90;1;15,1;1;;;0;9;12,2;1;22,9;1;;;;;4,8;1;19,5;1;320;1;1103;9;10,4;1;310;1;1708;9;;;;;;;;;;;;;;;22;1;1509;9;67;1;257;9;913;9;0;9;10,5;9;;;39;9;;;;;;;;;;;;;;;;;;;;;;;;;;;;;;;;;;;;;;;;;;;;;8,8;9;;;;;;;;;;;;
13001009;20170727;0,0;1;;;18,8;1;327;9;33,3;1;1354;9;24,9;1;26,05;1;17,3;1;;;0;9;14,5;1;26,1;1;;;;;2,2;1;11,8;1;330;1;1320;9;5,9;1;260;1;1614;9;;;;;;;;;;;;;;;19;1;1315;9;76;1;2312;9;568;9;0;9;14,1;9;;;47;9;;;;;;;;;;;;;;;;;;;;;;;;;;;;;;;;;;;;;;;;;;;;;7,5;9;;;;;;;;;;;;
13001009;20170728;0,0;1;;;18,0;1;326;9;34,3;1;1257;9;26,0;1;26,15;1;16,3;1;;;0;9;16,3;1;26,2;1;;;;;2,5;1;11,2;1;250;1;1446;9;5,9;1;250;1;1555;9;;;;;;;;;;;;;;;11;1;1349;9;87;1;327;9;564;9;182;9;15,0;9;;;49;9;;;;;;;;;;;;;;;;;;;;;;;;;;;;;;;;;;;;;;;;;;;;;7,7;9;;;;;;;;;;;;
13001009;20170729;0,0;1;;;17,7;1;427;9;33,4;1;1112;9;26,0;1;25,55;1;16,0;1;;;0;9;15,7;1;25,6;1;;;;;1,6;1;8,2;1;240;1;1352;9;4,9;1;260;1;1543;9;;;;;;;;;;;;;;;28;1;1037;9;84;1;417;9;507;9;123;9;17,3;9;;;55;9;;;;;;;;;;;;;;;;;;;;;;;;;;;;;;;;;;;;;;;;;;;;;6,5;9;;;;;;;;;;;;
13001009;20170730;0,0;1;;;20,3;1;423;9;34,2;1;1157;9;27,3;1;27,25;1;18,9;1;;;0;9;13,9;1;27,3;1;;;;;1,8;1;10,3;1;140;1;1054;9;4,9;1;260;1;1322;9;;;;;;;;;;;;;;;23;1;1028;9;79;1;429;9;671;9;0;9;16,0;9;;;48;9;;;;;;;;;;;;;;;;;;;;;;;;;;;;;;;;;;;;;;;;;;;;;7,3;9;;;;;;;;;;;;
13001009;20170731;0,0;1;;;19,8;1;330;9;39,6;1;1404;9;30,1;1;29,70;1;17,9;1;;;0;9;19,8;1;29,7;1;;;;;3,0;1;12,8;1;170;1;1448;9;6,8;1;170;1;1531;9;;;;;;;;;;;;;;;12;1;1350;9;76;1;353;9;954;9;0;9;14,2;9;;;38;9;;;;;;;;;;;;;;;;;;;;;;;;;;;;;;;;;;;;;;;;;;;;;9,0;9;;;;;;;;;;;;
13001009;20170801;0,0;1;;;28,3;1;423;9;37,0;1;1310;9;30,8;1;32,65;1;26,4;1;;;0;9;8,7;1;32,7;1;;;;;3,5;1;16,5;1;170;1;1149;9;8,5;1;170;1;1214;9;;;;;;;;;;;;;;;17;1;1309;9;76;1;2354;9;1227;9;0;9;13,7;9;;;33;9;;;;;;;;;;;;;;;;;;;;;;;;;;;;;;;;;;;;;;;;;;;;;9,0;9;;;;;;;;;;;;
13001009;20170802;0,2;1;;;21,7;1;301;9;38,0;1;1420;9;29,3;1;29,85;1;20,3;1;;;0;9;16,3;1;29,9;1;;;;;1,6;1;9,7;1;180;1;1507;9;5,3;1;200;1;1124;9;;;;;;;;;;;;;;;18;1;1439;9;82;1;159;9;609;9;117;9;18,3;9;;;50;9;;;;;;;;;;;;;;;;;;;;;;;;;;;;;;;;;;;;;;;;;;;;;7,6;9;;;;;;;;;;;;
13001009;20170803;0,0;1;;;21,6;1;402;9;39,0;1;1140;9;29,4;1;30,30;1;20,1;1;;;0;9;17,4;1;30,3;1;;;;;1,2;1;9,3;1;270;1;1204;9;5,1;1;220;1;1521;9;;;;;;;;;;;;;;;18;1;1112;9;74;1;37;9;732;9;0;9;15,2;9;;;40;9;;;;;;;;;;;;;;;;;;;;;;;;;;;;;;;;;;;;;;;;;;;;;7,7;9;;;;;;;;;;;;
13001009;20170804;0,0;1;;;21,1;1;446;9;39,3;1;1337;9;30,4;1;30,20;1;19,5;1;;;0;9;18,2;1;30,2;1;;;;;1,4;1;8,6;1;260;1;1527;9;4,9;1;240;1;1535;9;;;;;;;;;;;;;;;22;1;1039;9;65;1;2359;9;723;9;0;9;16,3;9;;;40;9;;;;;;;;;;;;;;;;;;;;;;;;;;;;;;;;;;;;;;;;;;;;;7,8;9;;;;;;;;;;;;
13001009;20170805;0,4;1;;;21,1;1;431;9;39,3;1;1354;9;30,7;1;30,20;1;19,3;1;;;0;9;18,2;1;30,2;1;;;;;1,6;1;9,3;1;310;1;1511;9;4,9;1;320;1;1431;9;;;;;;;;;;;;;;;16;1;1532;9;76;1;429;9;564;9;0;9;17,5;9;;;44;9;;;;;;;;;;;;;;;;;;;;;;;;;;;;;;;;;;;;;;;;;;;;;8,2;9;;;;;;;;;;;;
13001009;20170806;5,3;1;;;20,8;1;632;9;32,6;1;1511;9;25,3;1;26,70;1;18,4;1;;;0;9;11,8;1;26,7;1;;;;;2,8;1;14,7;1;320;1;1549;9;7,4;1;310;1;1631;9;;;;;;;;;;;;;;;17;1;1601;9;85;1;744;9;593;9;144;9;15,2;9;;;50;9;;;;;;;;;;;;;;;;;;;;;;;;;;;;;;;;;;;;;;;;;;;;;7,7;9;;;;;;;;;;;;
13001009;20170807;0,2;1;;;14,4;1;428;9;33,9;1;1051;9;25,4;1;24,15;1;12,2;1;;;0;9;19,5;1;24,2;1;;;;;1,7;1;10,8;1;240;1;1420;9;5,4;1;230;1;1423;9;;;;;;;;;;;;;;;12;1;1109;9;77;1;433;9;963;9;0;9;11,4;9;;;39;9;;;;;;;;;;;;;;;;;;;;;;;;;;;;;;;;;;;;;;;;;;;;;7,0;9;;;;;;;;;;;;
13001009;20170808;0,2;1;;;22,4;1;351;9;29,7;1;1015;9;24,2;1;26,05;1;20,2;1;;;0;9;7,3;1;26,1;1;;;;;1,8;1;10,6;1;70;1;700;9;5,1;1;190;1;833;9;;;;;;;;;;;;;;;35;1;900;9;83;1;2359;9;180;9;33;9;17,2;9;;;59;9;;;;;;;;;;;;;;;;;;;;;;;;;;;;;;;;;;;;;;;;;;;;;5,4;9;;;;;;;;;;;;
13001009;20170809;0,0;1;;;14,8;1;439;9;30,1;1;1308;9;22,4;1;22,45;1;12,6;1;;;0;9;15,3;1;22,5;1;;;;;2,2;1;10,8;1;300;1;1311;9;5,2;1;300;1;1425;9;;;;;;;;;;;;;;;17;1;1254;9;92;1;238;9;679;9;367;9;11,9;9;;;49;9;;;;;;;;;;;;;;;;;;;;;;;;;;;;;;;;;;;;;;;;;;;;;6,7;9;;;;;;;;;;;;
13001009;20170810;0,0;1;;;16,8;1;608;9;26,5;1;1507;9;20,5;1;21,65;1;14,8;1;;;0;9;9,7;1;21,7;1;;;;;3,6;1;14,0;1;310;1;1531;9;7,3;1;300;1;1344;9;;;;;;;;;;;;;;;24;1;1244;9;61;1;36;9;582;9;0;9;10,0;9;;;43;9;;;;;;;;;;;;;;;;;;;;;;;;;;;;;;;;;;;;;;;;;;;;;7,4;9;;;;;;;;;;;;
13001009;20170811;0,0;1;;;14,9;1;424;9;24,2;1;1309;9;19,3;1;19,55;1;14,0;1;;;0;9;9,3;1;19,6;1;;;;;4,8;1;16,9;1;290;1;1428;9;8,5;1;310;1;1549;9;;;;;;;;;;;;;;;28;1;1315;9;64;1;504;9;616;9;0;9;9,6;9;;;44;9;;;;;;;;;;;;;;;;;;;;;;;;;;;;;;;;;;;;;;;;;;;;;6,7;9;;;;;;;;;;;;
13001009;20170812;0,0;1;;;15,0;1;253;9;29,4;1;1458;9;21,7;1;22,20;1;13,9;1;;;0;9;14,4;1;22,2;1;;;;;2,9;1;11,5;1;300;1;1336;9;5,9;1;300;1;1438;9;;;;;;;;;;;;;;;25;1;1250;9;68;1;422;9;779;9;0;9;10,4;9;;;43;9;;;;;;;;;;;;;;;;;;;;;;;;;;;;;;;;;;;;;;;;;;;;;7,1;9;;;;;;;;;;;;
13001009;20170813;0,0;1;;;14,6;1;436;9;32,1;1;1328;9;23,1;1;23,35;1;13,3;1;;;0;9;17,5;1;23,4;1;;;;;1,3;1;9,4;1;190;1;1457;9;4,7;1;210;1;1506;9;;;;;;;;;;;;;;;21;1;1056;9;68;1;407;9;731;9;0;9;11,2;9;;;43;9;;;;;;;;;;;;;;;;;;;;;;;;;;;;;;;;;;;;;;;;;;;;;6,0;9;;;;;;;;;;;;
13001009;20170814;0,0;1;;;15,6;1;501;9;31,8;1;1108;9;23,1;1;23,70;1;14,1;1;;;0;9;16,2;1;23,7;1;;;;;1,6;1;8,4;1;210;1;1312;9;4,2;1;200;1;1318;9;;;;;;;;;;;;;;;24;1;1105;9;87;1;2346;9;309;9;186;9;15,4;9;;;58;9;;;;;;;;;;;;;;;;;;;;;;;;;;;;;;;;;;;;;;;;;;;;;5,7;9;;;;;;;;;;;;
13001009;20170815;0,0;1;;;15,2;1;441;9;34,1;1;1154;9;23,7;1;24,65;1;13,5;1;;;0;9;18,9;1;24,7;1;;;;;1,4;1;10,6;1;210;1;1214;9;4,8;1;230;1;1216;9;;;;;;;;;;;;;;;18;1;1158;9;90;1;54;9;633;9;236;9;12,4;9;;;48;9;;;;;;;;;;;;;;;;;;;;;;;;;;;;;;;;;;;;;;;;;;;;;6,3;9;;;;;;;;;;;;
13001009;20170816;0,0;1;;;16,3;1;414;9;32,9;1;1113;9;24,3;1;24,60;1;14,7;1;;;0;9;16,6;1;24,6;1;;;;;1,1;1;7,2;1;240;1;1332;9;4,5;1;260;1;1329;9;;;;;;;;;;;;;;;18;1;1010;9;78;1;2325;9;589;9;0;9;13,7;9;;;49;9;;;;;;;;;;;;;;;;;;;;;;;;;;;;;;;;;;;;;;;;;;;;;5,3;9;;;;;;;;;;;;
13001009;20170817;0,0;1;;;17,3;1;438;9;35,7;1;1331;9;26,6;1;26,50;1;15,9;1;;;0;9;18,4;1;26,5;1;;;;;1,3;1;8,9;1;210;1;1334;9;4,3;1;250;1;1438;9;;;;;;;;;;;;;;;23;1;1044;9;85;1;307;9;581;9;294;9;16,3;9;;;52;9;;;;;;;;;;;;;;;;;;;;;;;;;;;;;;;;;;;;;;;;;;;;;6,2;9;;;;;;;;;;;;
13001009;20170818;0,0;1;;;19,1;1;427;9;35,4;1;1159;9;26,7;1;27,25;1;17,6;1;;;0;9;16,3;1;27,3;1;;;;;1,5;1;9,7;1;190;1;1431;9;5,2;1;230;1;1249;9;;;;;;;;;;;;;;;22;1;1058;9;79;1;153;9;496;9;0;9;16,5;9;;;51;9;;;;;;;;;;;;;;;;;;;;;;;;;;;;;;;;;;;;;;;;;;;;;6,6;9;;;;;;;;;;;;
13001009;20170819;0,0;1;;;20,2;1;517;9;30,0;1;1549;9;24,2;1;25,10;1;18,9;1;;;0;9;9,8;1;25,1;1;;;;;3,4;1;15,3;1;320;1;1657;9;7,4;1;300;1;1438;9;;;;;;;;;;;;;;;12;1;1551;9;74;1;124;9;824;9;0;9;10,7;9;;;37;9;;;;;;;;;;;;;;;;;;;;;;;;;;;;;;;;;;;;;;;;;;;;;8,2;9;;;;;;;;;;;;
13001009;20170820;0,0;1;;;14,4;1;501;9;30,0;1;1408;9;21,9;1;22,20;1;12,3;1;;;0;9;15,6;1;22,2;1;;;;;2,0;1;9,6;1;310;1;1610;9;4,7;1;310;1;1603;9;;;;;;;;;;;;;;;20;1;1525;9;60;1;2343;9;783;9;0;9;9,4;9;;;38;9;;;;;;;;;;;;;;;;;;;;;;;;;;;;;;;;;;;;;;;;;;;;;6,8;9;;;;;;;;;;;;
13001009;20170821;0,0;1;;;14,0;1;303;9;31,6;1;1228;9;23,4;1;22,80;1;12,3;1;;;0;9;17,6;1;22,8;1;;;;;1,5;1;10,8;1;220;1;1330;9;5,1;1;250;1;1428;9;;;;;;;;;;;;;;;19;1;1143;9;67;1;323;9;768;9;0;9;10,3;9;;;40;9;;;;;;;;;;;;;;;;;;;;;;;;;;;;;;;;;;;;;;;;;;;;;6,1;9;;;;;;;;;;;;
13001009;20170822;0,0;1;;;15,3;1;450;9;31,5;1;1154;9;23,3;1;23,40;1;13,3;1;;;0;9;16,2;1;23,4;1;;;;;1,5;1;9,5;1;210;1;1236;9;4,5;1;250;1;1225;9;;;;;;;;;;;;;;;21;1;1008;9;69;1;443;9;752;9;0;9;11,0;9;;;43;9;;;;;;;;;;;;;;;;;;;;;;;;;;;;;;;;;;;;;;;;;;;;;6,1;9;;;;;;;;;;;;
13001009;20170823;0,0;1;;;15,7;1;244;9;31,8;1;1348;9;23,2;1;23,75;1;14,5;1;;;0;9;16,1;1;23,8;1;;;;;1,4;1;9,0;1;250;1;1455;9;5,6;1;260;1;1452;9;;;;;;;;;;;;;;;39;1;1237;9;76;1;2352;9;8;9;0;9;17,2;9;;;61;9;;;;;;;;;;;;;;;;;;;;;;;;;;;;;;;;;;;;;;;;;;;;;4,7;9;;;;;;;;;;;;
13001009;20170824;0,0;1;;;18,5;1;352;9;31,2;1;1215;9;23,8;1;24,85;1;17,3;1;;;0;9;12,7;1;24,9;1;;;;;1,3;1;8,5;1;170;1;1230;9;4,4;1;200;1;1239;9;;;;;;;;;;;;;;;33;1;1218;9;84;1;353;9;164;9;144;9;18,3;9;;;64;9;;;;;;;;;;;;;;;;;;;;;;;;;;;;;;;;;;;;;;;;;;;;;4,6;9;;;;;;;;;;;;
13001009;20170825;0,0;1;;;16,8;1;404;9;33,1;1;1143;9;24,9;1;24,95;1;14,9;1;;;0;9;16,3;1;25,0;1;;;;;1,4;1;8,1;1;260;1;1339;9;4,4;1;200;1;1225;9;;;;;;;;;;;;;;;21;1;1052;9;89;1;411;9;582;9;233;9;14,3;9;;;51;9;;;;;;;;;;;;;;;;;;;;;;;;;;;;;;;;;;;;;;;;;;;;;5,9;9;;;;;;;;;;;;
13001009;20170826;0,0;1;;;17,7;1;328;9;34,0;1;1350;9;25,3;1;25,85;1;16,0;1;;;0;9;16,3;1;25,9;1;;;;;1,2;1;8,6;1;260;1;1441;9;3,7;1;250;1;1500;9;;;;;;;;;;;;;;;25;1;1153;9;82;1;403;9;599;9;22;9;14,9;9;;;50;9;;;;;;;;;;;;;;;;;;;;;;;;;;;;;;;;;;;;;;;;;;;;;5,8;9;;;;;;;;;;;;
13001009;20170827;0,0;1;;;17,0;1;441;9;34,7;1;1124;9;25,7;1;25,85;1;15,4;1;;;0;9;17,7;1;25,9;1;;;;;1,2;1;7,3;1;190;1;1231;9;4,1;1;250;1;1357;9;;;;;;;;;;;;;;;19;1;1520;9;78;1;405;9;661;9;0;9;13,6;9;;;46;9;;;;;;;;;;;;;;;;;;;;;;;;;;;;;;;;;;;;;;;;;;;;;5,9;9;;;;;;;;;;;;
13001009;20170828;0,0;1;;;19,4;1;136;9;35,5;1;1436;9;26,0;1;27,45;1;17,9;1;;;0;9;16,1;1;27,5;1;;;;;1,1;1;7,5;1;220;1;1523;9;3,9;1;240;1;1510;9;;;;;;;;;;;;;;;22;1;1218;9;77;1;2204;9;571;9;0;9;15,4;9;;;50;9;;;;;;;;;;;;;;;;;;;;;;;;;;;;;;;;;;;;;;;;;;;;;6,2;9;;;;;;;;;;;;
13001009;20170829;0,0;1;;;18,1;1;333;9;33,8;1;1413;9;25,7;1;25,95;1;16,6;1;;;0;9;15,7;1;26,0;1;;;;;1,3;1;7,6;1;310;1;1330;9;4,2;1;290;1;1336;9;;;;;;;;;;;;;;;31;1;1055;9;79;1;2306;9;278;9;0;9;17,7;9;;;56;9;;;;;;;;;;;;;;;;;;;;;;;;;;;;;;;;;;;;;;;;;;;;;5,4;9;;;;;;;;;;;;
13001009;20170830;0,0;1;;;18,9;1;518;9;34,9;1;1244;9;26,9;1;26,90;1;17,6;1;;;0;9;16,0;1;26,9;1;;;;;2,1;1;9,7;1;190;1;1310;9;5,3;1;180;1;1433;9;;;;;;;;;;;;;;;22;1;1136;9;77;1;1;9;490;9;0;9;15,7;9;;;48;9;;;;;;;;;;;;;;;;;;;;;;;;;;;;;;;;;;;;;;;;;;;;;6,3;9;;;;;;;;;;;;
13001009;20170831;1,8;1;;;21,2;1;1800;9;26,7;1;1254;9;22,1;1;23,95;1;19,8;1;;;0;9;5,5;1;24,0;1;;;;;1,2;1;7,3;1;260;1;1413;9;3,9;1;260;1;1527;9;;;;;;;;;;;;;;;50;1;23;9;91;1;708;9;0;9;393;9;19,4;9;;;73;9;;;;;;;;;;;;;;;;;;;;;;;;;;;;;;;;;;;;;;;;;;;;;3,3;9;;;;;;;;;;;;
13001009;20170901;0,0;1;;;12,8;1;436;9;24,8;1;1312;9;19,2;1;18,80;1;11,2;1;;;0;9;12,0;1;18,8;1;;;;;3,3;1;15,7;1;280;1;1551;9;8,3;1;310;1;1423;9;;;;;;;;;;;;;;;25;1;1405;9;93;1;444;9;588;9;414;9;11,0;9;;;53;9;;;;;;;;;;;;;;;;;;;;;;;;;;;;;;;;;;;;;;;;;;;;;5,3;9;;;;;;;;;;;;
13001009;20170902;0,0;1;;;14,4;1;524;9;22,7;1;1309;9;18,1;1;18,55;1;13,8;1;;;0;9;8,3;1;18,6;1;;;;;5,5;1;23,1;1;320;1;1419;9;10,2;1;330;1;1604;9;;;;;;;;;;;;;;;31;1;1359;9;66;1;526;9;531;9;0;9;9,8;9;;;49;9;;;;;;;;;;;;;;;;;;;;;;;;;;;;;;;;;;;;;;;;;;;;;6,3;9;;;;;;;;;;;;
13001009;20170903;0,0;1;;;12,1;1;513;9;26,5;1;1223;9;18,9;1;19,30;1;10,2;1;;;0;9;14,4;1;19,3;1;;;;;2,1;1;9,1;1;320;1;1448;9;5,0;1;310;1;1454;9;;;;;;;;;;;;;;;22;1;1624;9;76;1;511;9;635;9;0;9;9,6;9;;;47;9;;;;;;;;;;;;;;;;;;;;;;;;;;;;;;;;;;;;;;;;;;;;;5,2;9;;;;;;;;;;;;
13001009;20170904;0,4;1;;;14,0;1;431;9;28,7;1;1307;9;20,8;1;21,35;1;12,7;1;;;0;9;14,7;1;21,4;1;;;;;1,1;1;9,4;1;250;1;1254;9;4,5;1;240;1;1330;9;;;;;;;;;;;;;;;20;1;1136;9;79;1;2245;9;577;9;0;9;11,2;9;;;49;9;;;;;;;;;;;;;;;;;;;;;;;;;;;;;;;;;;;;;;;;;;;;;4,9;9;;;;;;;;;;;;
13001009;20170905;0,0;1;;;13,1;1;439;9;30,9;1;1327;9;22,3;1;22,00;1;11,6;1;;;0;9;17,8;1;22,0;1;;;;;1,5;1;9,4;1;210;1;1202;9;4,8;1;260;1;1510;9;;;;;;;;;;;;;;;28;1;1252;9;84;1;256;9;569;9;298;9;13,7;9;;;55;9;;;;;;;;;;;;;;;;;;;;;;;;;;;;;;;;;;;;;;;;;;;;;4,7;9;;;;;;;;;;;;
13001009;20170906;0,0;1;;;17,4;1;226;9;29,1;1;1427;9;22,5;1;23,25;1;15,7;1;;;0;9;11,7;1;23,3;1;;;;;2,9;1;15,5;1;310;1;1431;9;7,6;1;300;1;1354;9;;;;;;;;;;;;;;;25;1;1417;9;96;1;428;9;655;9;413;9;13,6;9;;;54;9;;;;;;;;;;;;;;;;;;;;;;;;;;;;;;;;;;;;;;;;;;;;;5,9;9;;;;;;;;;;;;
13001009;20170907;0,0;1;;;11,9;1;448;9;26,3;1;1343;9;19,1;1;19,10;1;9,7;1;;;0;9;14,4;1;19,1;1;;;;;2,3;1;13,3;1;310;1;1603;9;6,7;1;300;1;1414;9;;;;;;;;;;;;;;;26;1;1516;9;72;1;441;9;615;9;0;9;9,7;9;;;46;9;;;;;;;;;;;;;;;;;;;;;;;;;;;;;;;;;;;;;;;;;;;;;5,5;9;;;;;;;;;;;;
13001009;20170908;0,0;1;;;10,5;1;444;9;27,5;1;1243;9;18,5;1;19,00;1;8,7;1;;;0;9;17,0;1;19,0;1;;;;;1,2;1;8,3;1;220;1;1338;9;3,8;1;210;1;1342;9;;;;;;;;;;;;;;;29;1;1209;9;81;1;449;9;468;9;27;9;10,9;9;;;55;9;;;;;;;;;;;;;;;;;;;;;;;;;;;;;;;;;;;;;;;;;;;;;4,0;9;;;;;;;;;;;;
13001009;20170909;6,2;1;;;12,9;1;109;9;21,2;1;931;9;15,4;1;17,05;1;11,4;1;;;0;9;8,3;1;17,1;1;;;;;0,8;1;7,4;1;20;1;1236;9;3,3;1;320;1;1214;9;;;;;;;;;;;;;;;66;1;1504;9;96;1;2213;9;0;9;782;9;14,5;9;;;83;9;;;;;;;;;;;;;;;;;;;;;;;;;;;;;;;;;;;;;;;;;;;;;1,6;9;;;;;;;;;;;;
13001009;20170910;0,0;1;;;11,3;1;305;9;23,6;1;1426;9;17,0;1;17,45;1;9,4;1;;;0;9;12,3;1;17,5;1;;;;;3,5;1;13,4;1;320;1;850;9;7,1;1;310;1;1013;9;;;;;;;;;;;;;;;33;1;1427;9;96;1;1;9;298;9;460;9;11,0;9;;;60;9;;;;;;;;;;;;;;;;;;;;;;;;;;;;;;;;;;;;;;;;;;;;;4,6;9;;;;;;;;;;;;
13001009;20170911;0,0;1;;;13,3;1;226;9;26,9;1;1401;9;19,2;1;20,10;1;11,6;1;;;0;9;13,6;1;20,1;1;;;;;3,6;1;16,7;1;290;1;1435;9;8,1;1;300;1;1446;9;;;;;;;;;;;;;;;24;1;1420;9;67;1;220;9;436;9;0;9;10,0;9;;;47;9;;;;;;;;;;;;;;;;;;;;;;;;;;;;;;;;;;;;;;;;;;;;;5,9;9;;;;;;;;;;;;
13001009;20170912;0,0;1;;;13,5;1;223;9;23,9;1;1419;9;18,4;1;18,70;1;11,1;1;;;0;9;10,4;1;18,7;1;;;;;3,8;1;16,1;1;300;1;1431;9;8,0;1;320;1;1220;9;;;;;;;;;;;;;;;24;1;1431;9;68;1;445;9;669;9;0;9;8,7;9;;;43;9;;;;;;;;;;;;;;;;;;;;;;;;;;;;;;;;;;;;;;;;;;;;;5,8;9;;;;;;;;;;;;
13001009;20170913;0,0;1;;;11,5;1;443;9;25,4;1;1428;9;18,7;1;18,45;1;9,2;1;;;0;9;13,9;1;18,5;1;;;;;1,8;1;9,7;1;220;1;1135;9;5,2;1;270;1;1222;9;;;;;;;;;;;;;;;34;1;1053;9;86;1;2347;9;283;9;102;9;12,0;9;;;57;9;;;;;;;;;;;;;;;;;;;;;;;;;;;;;;;;;;;;;;;;;;;;;3,8;9;;;;;;;;;;;;
13001009;20170914;0,0;1;;;13,4;1;507;9;26,7;1;1246;9;19,0;1;20,05;1;11,9;1;;;0;9;13,3;1;20,1;1;;;;;2,6;1;20,6;1;340;1;1259;9;7,8;1;310;1;1305;9;;;;;;;;;;;;;;;25;1;1629;9;93;1;320;9;430;9;386;9;11,7;9;;;55;9;;;;;;;;;;;;;;;;;;;;;;;;;;;;;;;;;;;;;;;;;;;;;4,7;9;;;;;;;;;;;;
13001009;20170915;2,8;1;;;9,5;1;328;9;15,8;1;1322;9;12,1;1;12,65;1;7,7;1;;;0;9;6,3;1;12,7;1;;;;;0,8;1;5,6;1;250;1;1117;9;3,2;1;280;1;1121;9;;;;;;;;;;;;;;;46;1;1318;9;97;1;2259;9;0;9;512;9;10,2;9;;;74;9;;;;;;;;;;;;;;;;;;;;;;;;;;;;;;;;;;;;;;;;;;;;;1,6;9;;;;;;;;;;;;
13001009;20170916;0,0;1;;;6,1;1;438;9;22,3;1;1301;9;13,5;1;14,20;1;4,4;1;;;0;9;16,2;1;14,2;1;;;;;1,3;1;8,6;1;260;1;1524;9;4,9;1;260;1;1530;9;;;;;;;;;;;;;;;30;1;1440;9;98;1;259;9;343;9;567;9;9,8;9;;;68;9;;;;;;;;;;;;;;;;;;;;;;;;;;;;;;;;;;;;;;;;;;;;;2,9;9;;;;;;;;;;;;
13001009;20170917;0,0;1;;;6,8;1;414;9;20,5;1;1228;9;14,4;1;13,65;1;5,2;1;;;0;9;13,7;1;13,7;1;;;;;1,8;1;10,2;1;270;1;1258;9;5,2;1;240;1;1307;9;;;;;;;;;;;;;;;37;1;957;9;92;1;429;9;96;9;462;9;10,3;9;;;65;9;;;;;;;;;;;;;;;;;;;;;;;;;;;;;;;;;;;;;;;;;;;;;2,9;9;;;;;;;;;;;;
13001009;20170918;0,2;1;;;11,0;1;356;9;19,7;1;1514;9;14,6;1;15,35;1;9,7;1;;;0;9;8,7;1;15,4;1;;;;;1,4;1;7,6;1;260;1;1646;9;4,1;1;310;1;1632;9;;;;;;;;;;;;;;;43;1;1625;9;92;1;350;9;0;9;452;9;11,4;9;;;70;9;;;;;;;;;;;;;;;;;;;;;;;;;;;;;;;;;;;;;;;;;;;;;2,3;9;;;;;;;;;;;;
13001009;20170919;0,0;1;;;10,0;1;2333;9;19,9;1;1414;9;14,5;1;14,95;1;7,9;1;;;0;9;9,9;1;15,0;1;;;;;4,6;1;20,9;1;320;1;1511;9;8,3;1;320;1;1324;9;;;;;;;;;;;;;;;33;1;1602;9;72;1;528;9;197;9;0;9;8,6;9;;;54;9;;;;;;;;;;;;;;;;;;;;;;;;;;;;;;;;;;;;;;;;;;;;;4,4;9;;;;;;;;;;;;
13001009;20170920;0,0;1;;;7,1;1;542;9;24,4;1;1352;9;15,2;1;15,75;1;5,2;1;;;0;9;17,3;1;15,8;1;;;;;1,3;1;8,0;1;270;1;1421;9;4,0;1;260;1;1426;9;;;;;;;;;;;;;;;23;1;1133;9;89;1;548;9;525;9;240;9;8,5;9;;;55;9;;;;;;;;;;;;;;;;;;;;;;;;;;;;;;;;;;;;;;;;;;;;;3,7;9;;;;;;;;;;;;
13001009;20170921;0,0;1;;;6,7;1;522;9;24,6;1;1107;9;16,1;1;15,65;1;4,7;1;;;0;9;17,9;1;15,7;1;;;;;1,2;1;7,7;1;210;1;1324;9;4,0;1;240;1;1207;9;;;;;;;;;;;;;;;20;1;1111;9;92;1;2201;9;499;9;690;9;10,2;9;;;62;9;;;;;;;;;;;;;;;;;;;;;;;;;;;;;;;;;;;;;;;;;;;;;3,0;9;;;;;;;;;;;;
13001009;20170922;0,0;1;;;11,4;1;532;9;25,3;1;1335;9;17,7;1;18,35;1;9,7;1;;;0;9;13,9;1;18,4;1;;;;;1,0;1;6,9;1;270;1;1408;9;3,7;1;250;1;1440;9;;;;;;;;;;;;;;;47;1;1324;9;97;1;427;9;0;9;797;9;15,4;9;;;78;9;;;;;;;;;;;;;;;;;;;;;;;;;;;;;;;;;;;;;;;;;;;;;2,4;9;;;;;;;;;;;;
13001009;20170923;0,0;1;;;13,7;1;2339;9;25,0;1;1312;9;18,4;1;19,35;1;11,8;1;;;0;9;11,3;1;19,4;1;;;;;1,1;1;7,1;1;190;1;1539;9;4,2;1;200;1;1542;9;;;;;;;;;;;;;;;47;1;1313;9;97;1;24;9;0;9;847;9;16,0;9;;;78;9;;;;;;;;;;;;;;;;;;;;;;;;;;;;;;;;;;;;;;;;;;;;;2,6;9;;;;;;;;;;;;
13001009;20170924;0,0;1;;;12,3;1;523;9;28,2;1;1514;9;18,5;1;20,25;1;10,4;1;;;0;9;15,9;1;20,3;1;;;;;1,3;1;9,8;1;300;1;1315;9;5,3;1;300;1;1509;9;;;;;;;;;;;;;;;25;1;1518;9;97;1;443;9;126;9;787;9;15,0;9;;;74;9;;;;;;;;;;;;;;;;;;;;;;;;;;;;;;;;;;;;;;;;;;;;;3,3;9;;;;;;;;;;;;
13001009;20170925;0,4;1;;;11,8;1;412;9;23,7;1;1234;9;17,5;1;17,75;1;9,8;1;;;0;9;11,9;1;17,8;1;;;;;1,4;1;7,7;1;260;1;1439;9;4,0;1;260;1;1424;9;;;;;;;;;;;;;;;50;1;1231;9;96;1;430;9;0;9;825;9;15,3;9;;;78;9;;;;;;;;;;;;;;;;;;;;;;;;;;;;;;;;;;;;;;;;;;;;;2,1;9;;;;;;;;;;;;
13001009;20170926;0,0;1;;;13,1;1;358;9;24,7;1;1137;9;17,8;1;18,90;1;11,3;1;;;0;9;11,6;1;18,9;1;;;;;0,9;1;6,8;1;200;1;1234;9;3,7;1;220;1;1234;9;;;;;;;;;;;;;;;36;1;1140;9;99;1;423;9;66;9;629;9;14,1;9;;;72;9;;;;;;;;;;;;;;;;;;;;;;;;;;;;;;;;;;;;;;;;;;;;;2,9;9;;;;;;;;;;;;
13001009;20170927;0,0;1;;;11,1;1;505;9;25,8;1;1128;9;17,7;1;18,45;1;9,2;1;;;0;9;14,7;1;18,5;1;;;;;1,1;1;9,1;1;220;1;1245;9;5,2;1;210;1;1312;9;;;;;;;;;;;;;;;32;1;1106;9;93;1;511;9;378;9;506;9;11,8;9;;;63;9;;;;;;;;;;;;;;;;;;;;;;;;;;;;;;;;;;;;;;;;;;;;;3,1;9;;;;;;;;;;;;
13001009;20170928;0,0;1;;;9,8;1;512;9;27,1;1;1221;9;18,0;1;18,45;1;8,1;1;;;0;9;17,3;1;18,5;1;;;;;1,0;1;7,0;1;220;1;1501;9;4,1;1;270;1;1309;9;;;;;;;;;;;;;;;23;1;1208;9;91;1;422;9;502;9;441;9;10,8;9;;;58;9;;;;;;;;;;;;;;;;;;;;;;;;;;;;;;;;;;;;;;;;;;;;;3,4;9;;;;;;;;;;;;
13001009;20170929;0,0;1;;;9,9;1;522;9;27,7;1;1357;9;18,3;1;18,80;1;8,2;1;;;0;9;17,8;1;18,8;1;;;;;1,0;1;7,3;1;210;1;1317;9;4,0;1;270;1;1547;9;;;;;;;;;;;;;;;24;1;1317;9;91;1;526;9;506;9;406;9;10,8;9;;;57;9;;;;;;;;;;;;;;;;;;;;;;;;;;;;;;;;;;;;;;;;;;;;;3,4;9;;;;;;;;;;;;
13001009;20170930;3,6;1;;;9,7;1;401;9;23,5;1;1057;9;17,0;1;16,60;1;8,0;1;;;0;9;13,8;1;16,6;1;;;;;1,0;1;7,3;1;300;1;2146;9;3,9;1;300;9;2150;9;;;;;;;;;;;;;;;39;1;936;9;98;1;2035;9;23;9;864;9;14,9;9;;;78;9;;;;;;;;;;;;;;;;;;;;;;;;;;;;;;;;;;;;;;;;;;;;;1,7;9;;;;;;;;;;;;
13001009;20171001;0,0;1;;;13,0;1;425;9;24,1;1;1348;9;17,4;1;18,55;1;12,9;1;;;0;9;11,1;1;18,6;1;;;;;0,8;1;5,7;1;270;1;1526;9;3,3;1;270;1;1527;9;;;;;;;;;;;;;;;49;1;1503;9;98;1;422;9;0;9;767;9;15,3;9;;;79;9;;;;;;;;;;;;;;;;;;;;;;;;;;;;;;;;;;;;;;;;;;;;;2,5;9;;;;;;;;;;;;
13001009;20171002;0,0;1;;;14,4;1;111;9;22,9;1;1427;9;17,5;1;18,65;1;13,3;1;;;0;9;8,5;1;18,7;1;;;;;0,6;1;6,1;1;210;1;1509;9;3,3;1;210;1;1445;9;;;;;;;;;;;;;;;50;1;1214;9;93;1;2359;9;0;9;691;9;14,5;9;;;74;9;;;;;;;;;;;;;;;;;;;;;;;;;;;;;;;;;;;;;;;;;;;;;2,5;9;;;;;;;;;;;;
13001009;20171003;0,0;1;;;12,4;1;23;9;27,3;1;1448;9;19,0;1;19,85;1;10,8;1;;;0;9;14,9;1;19,9;1;;;;;1,6;1;11,3;1;310;1;1342;9;5,5;1;290;9;1503;9;;;;;;;;;;;;;;;39;1;1456;9;96;1;115;9;15;9;528;9;14,5;9;;;68;9;;;;;;;;;;;;;;;;;;;;;;;;;;;;;;;;;;;;;;;;;;;;;3,2;9;;;;;;;;;;;;
13001009;20171004;0,0;1;;;12,9;1;2309;9;24,8;1;1135;9;19,0;1;18,85;1;11,1;1;;;0;9;11,9;1;18,9;1;;;;;1,3;1;9,5;1;180;1;1022;9;4,5;1;170;1;1025;9;;;;;;;;;;;;;;;48;1;1137;9;96;1;2321;9;0;9;290;9;15,2;9;;;70;9;;;;;;;;;;;;;;;;;;;;;;;;;;;;;;;;;;;;;;;;;;;;;2,7;9;;;;;;;;;;;;
13001009;20171005;0,2;1;;;10,8;1;532;9;25,7;1;1325;9;17,3;1;18,25;1;8,6;1;;;0;9;14,9;1;18,3;1;;;;;1,4;1;9,1;1;260;1;1413;9;4,7;1;250;1;1421;9;;;;;;;;;;;;;;;36;1;2312;9;99;1;558;9;67;9;719;9;13,6;9;;;72;9;;;;;;;;;;;;;;;;;;;;;;;;;;;;;;;;;;;;;;;;;;;;;2,9;9;;;;;;;;;;;;
13001009;20171006;0,0;1;;;10,9;1;159;9;21,0;1;1243;9;16,1;1;15,95;1;8,7;1;;;0;9;10,1;1;16,0;1;;;;;4,8;1;22,2;1;310;1;1537;9;10,6;1;330;1;1556;9;;;;;;;;;;;;;;;23;1;1326;9;68;1;615;9;548;9;0;9;8,3;9;;;46;9;;;;;;;;;;;;;;;;;;;;;;;;;;;;;;;;;;;;;;;;;;;;;5,0;9;;;;;;;;;;;;
13001009;20171007;0,0;1;;;6,8;1;302;9;22,6;1;1157;9;14,0;1;14,70;1;4,9;1;;;0;9;15,8;1;14,7;1;;;;;0,9;1;8,1;1;220;1;1252;9;4,4;1;260;1;1343;9;;;;;;;;;;;;;;;19;1;1303;9;85;1;0;9;587;9;52;9;7,2;9;;;51;9;;;;;;;;;;;;;;;;;;;;;;;;;;;;;;;;;;;;;;;;;;;;;3,0;9;;;;;;;;;;;;
13001009;20171008;0,0;1;;;5,3;1;541;9;24,2;1;1343;9;14,9;1;14,75;1;3,3;1;;;0;9;18,9;1;14,8;1;;;;;2,4;1;15,7;1;310;1;1511;9;7,6;1;320;1;1643;9;;;;;;;;;;;;;;;27;1;1443;9;91;1;202;9;506;9;409;9;8,8;9;;;56;9;;;;;;;;;;;;;;;;;;;;;;;;;;;;;;;;;;;;;;;;;;;;;3,3;9;;;;;;;;;;;;
13001009;20171009;0,2;1;;;7,4;1;603;9;23,7;1;1410;9;14,7;1;15,55;1;5,4;1;;;0;9;16,3;1;15,6;1;;;;;1,1;1;8,9;1;290;1;1503;9;4,4;1;290;1;1510;9;;;;;;;;;;;;;;;30;1;1517;9;90;1;613;9;366;9;253;9;9,2;9;;;59;9;;;;;;;;;;;;;;;;;;;;;;;;;;;;;;;;;;;;;;;;;;;;;2,8;9;;;;;;;;;;;;
13001009;20171010;0,0;1;;;6,4;1;600;9;24,0;1;1318;9;14,5;1;15,20;1;4,4;1;;;0;9;17,6;1;15,2;1;;;;;0,9;1;7,1;1;280;1;1350;9;3,6;1;250;1;1539;9;;;;;;;;;;;;;;;34;1;1252;9;89;1;526;9;297;9;474;9;9,9;9;;;64;9;;;;;;;;;;;;;;;;;;;;;;;;;;;;;;;;;;;;;;;;;;;;;2,4;9;;;;;;;;;;;;
13001009;20171011;0,0;1;;;7,8;1;432;9;25,5;1;1210;9;16,3;1;16,65;1;5,8;1;;;0;9;17,7;1;16,7;1;;;;;1,0;1;8,7;1;260;1;1259;9;3,7;1;290;1;1336;9;;;;;;;;;;;;;;;31;1;1108;9;95;1;340;9;298;9;434;9;11,2;9;;;65;9;;;;;;;;;;;;;;;;;;;;;;;;;;;;;;;;;;;;;;;;;;;;;2,5;9;;;;;;;;;;;;
13001009;20171012;0,0;1;;;12,7;1;235;9;27,8;1;1339;9;18,8;1;20,25;1;10,8;1;;;0;9;15,1;1;20,3;1;;;;;0,9;1;6,8;1;260;1;1415;9;3,6;1;260;1;1411;9;;;;;;;;;;;;;;;29;1;1341;9;96;1;2342;9;199;9;634;9;14,7;9;;;72;9;;;;;;;;;;;;;;;;;;;;;;;;;;;;;;;;;;;;;;;;;;;;;2,8;9;;;;;;;;;;;;
13001009;20171013;0,0;1;;;10,1;1;559;9;24,1;1;1244;9;17,4;1;17,10;1;7,9;1;;;0;9;14,0;1;17,1;1;;;;;0,9;1;5,6;1;250;1;1354;9;3,2;1;230;1;1344;9;;;;;;;;;;;;;;;51;1;1014;9;99;1;641;9;0;9;880;9;15,3;9;;;79;9;;;;;;;;;;;;;;;;;;;;;;;;;;;;;;;;;;;;;;;;;;;;;1,8;9;;;;;;;;;;;;
13001009;20171014;0,2;1;;;16,0;1;522;9;23,9;1;1220;9;17,6;1;19,95;1;15,0;1;;;0;9;7,9;1;20,0;1;;;;;1,0;1;6,7;1;270;1;1411;9;3,2;1;270;1;1432;9;;;;;;;;;;;;;;;49;1;1221;9;96;1;2310;9;0;9;709;9;14,8;9;;;75;9;;;;;;;;;;;;;;;;;;;;;;;;;;;;;;;;;;;;;;;;;;;;;2,6;9;;;;;;;;;;;;
13001009;20171015;0,2;1;;;10,2;1;325;9;26,4;1;1412;9;16,7;1;18,30;1;8,0;1;;;0;9;16,2;1;18,3;1;;;;;0,8;1;5,4;1;240;1;1528;9;3,2;1;260;1;1535;9;;;;;;;;;;;;;;;37;1;1306;9;99;1;501;9;100;9;835;9;14,0;9;;;78;9;;;;;;;;;;;;;;;;;;;;;;;;;;;;;;;;;;;;;;;;;;;;;2,2;9;;;;;;;;;;;;
13001009;20171016;0,2;1;;;9,0;1;533;9;26,0;1;1408;9;15,9;1;17,50;1;6,4;1;;;0;9;17,0;1;17,5;1;;;;;0,6;1;5,5;1;300;1;1513;9;2,8;1;270;1;1439;9;;;;;;;;;;;;;;;39;1;1354;9;99;1;552;9;34;9;831;9;13,6;9;;;79;9;;;;;;;;;;;;;;;;;;;;;;;;;;;;;;;;;;;;;;;;;;;;;2,1;9;;;;;;;;;;;;
13001009;20171017;0,2;1;;;9,0;1;452;9;24,5;1;1309;9;15,4;1;16,75;1;6,3;1;;;0;9;15,5;1;16,8;1;;;;;0,9;1;7,0;1;270;1;1351;9;4,0;1;230;1;1353;9;;;;;;;;;;;;;;;37;1;1311;9;99;1;641;9;45;9;815;9;12,9;9;;;78;9;;;;;;;;;;;;;;;;;;;;;;;;;;;;;;;;;;;;;;;;;;;;;2,0;9;;;;;;;;;;;;
13001009;20171018;0,0;1;;;9,7;1;508;9;23,3;1;1233;9;17,0;1;16,50;1;7,5;1;;;0;9;13,6;1;16,5;1;;;;;2,8;1;11,0;1;110;1;2107;9;5,3;1;170;1;1245;9;;;;;;;;;;;;;;;46;1;1254;9;97;1;1;9;0;9;439;9;13,3;9;;;70;9;;;;;;;;;;;;;;;;;;;;;;;;;;;;;;;;;;;;;;;;;;;;;2,4;9;;;;;;;;;;;;
13001009;20171019;0,0;1;;;17,3;1;2047;9;23,8;1;1240;9;19,3;1;20,55;1;16,8;1;;;0;9;6,5;1;20,6;1;;;;;4,6;1;16,2;1;80;1;719;9;6,9;1;100;1;1036;9;;;;;;;;;;;;;;;42;1;1321;9;75;1;557;9;0;9;0;9;13,8;9;;;62;9;;;;;;;;;;;;;;;;;;;;;;;;;;;;;;;;;;;;;;;;;;;;;4,5;9;;;;;;;;;;;;
13001009;20171020;0,0;1;;;17,5;1;51;9;26,3;1;1223;9;19,6;1;21,90;1;15,7;1;;;0;9;8,8;1;21,9;1;;;;;2,0;1;15,7;1;100;1;5;9;5,9;1;90;1;6;9;;;;;;;;;;;;;;;39;1;1207;9;94;1;2344;9;24;9;291;9;14,1;9;;;64;9;;;;;;;;;;;;;;;;;;;;;;;;;;;;;;;;;;;;;;;;;;;;;3,5;9;;;;;;;;;;;;
13001009;20171021;0,0;1;;;12,2;1;609;9;24,8;1;1145;9;18,2;1;18,50;1;10,1;1;;;0;9;12,6;1;18,5;1;;;;;1,4;1;7,2;1;290;1;2329;9;3,7;1;260;1;1524;9;;;;;;;;;;;;;;;46;1;1159;9;98;1;648;9;0;9;730;9;15,2;9;;;75;9;;;;;;;;;;;;;;;;;;;;;;;;;;;;;;;;;;;;;;;;;;;;;2,1;9;;;;;;;;;;;;
13001009;20171022;0,0;1;;;12,0;1;626;9;18,5;1;1331;9;14,8;1;15,25;1;11,0;1;;;0;9;6,5;1;15,3;1;;;;;4,9;1;18,4;1;320;1;1313;9;8,2;1;300;1;1058;9;;;;;;;;;;;;;;;29;1;1344;9;67;1;411;9;517;9;0;9;7,8;9;;;48;9;;;;;;;;;;;;;;;;;;;;;;;;;;;;;;;;;;;;;;;;;;;;;4,2;9;;;;;;;;;;;;
13001009;20171023;0,0;1;;;10,2;1;159;9;18,4;1;1151;9;13,7;1;14,30;1;9,2;1;;;0;9;8,2;1;14,3;1;;;;;4,3;1;16,3;1;320;1;1331;9;7,9;1;300;1;1216;9;;;;;;;;;;;;;;;35;1;1308;9;68;1;2358;9;351;9;0;9;7,7;9;;;50;9;;;;;;;;;;;;;;;;;;;;;;;;;;;;;;;;;;;;;;;;;;;;;3,7;9;;;;;;;;;;;;
13001009;20171024;0,0;1;;;5,6;1;504;9;23,5;1;1410;9;13,1;1;14,55;1;3,5;1;;;0;9;17,9;1;14,6;1;;;;;0,6;1;4,9;1;300;1;1313;9;2,7;1;310;1;1319;9;;;;;;;;;;;;;;;22;1;1336;9;87;1;506;9;376;9;401;9;8,5;9;;;62;9;;;;;;;;;;;;;;;;;;;;;;;;;;;;;;;;;;;;;;;;;;;;;2,2;9;;;;;;;;;;;;
13001009;20171025;0,0;1;;;7,8;1;106;9;26,6;1;1224;9;15,0;1;17,20;1;5,5;1;;;0;9;18,8;1;17,2;1;;;;;1,0;1;6,3;1;290;1;1313;9;3,5;1;270;1;1322;9;;;;;;;;;;;;;;;15;1;1248;9;88;1;110;9;572;9;169;9;7,7;9;;;51;9;;;;;;;;;;;;;;;;;;;;;;;;;;;;;;;;;;;;;;;;;;;;;2,8;9;;;;;;;;;;;;
13001009;20171026;0,0;1;;;5,3;1;414;9;24,1;1;1259;9;13,7;1;14,70;1;3,0;1;;;0;9;18,8;1;14,7;1;;;;;0,5;1;5,6;1;190;1;1339;9;2,8;1;260;1;1318;9;;;;;;;;;;;;;;;30;1;1248;9;96;1;2127;9;269;9;404;9;9,9;9;;;66;9;;;;;;;;;;;;;;;;;;;;;;;;;;;;;;;;;;;;;;;;;;;;;1,7;9;;;;;;;;;;;;
13001009;20171027;0,0;1;;;10,1;1;2108;9;24,0;1;1228;9;16,4;1;17,05;1;7,5;1;;;0;9;13,9;1;17,1;1;;;;;3,0;1;18,3;1;320;1;1846;9;8,5;1;330;1;1823;9;;;;;;;;;;;;;;;34;1;1503;9;99;1;502;9;224;9;499;9;11,5;9;;;65;9;;;;;;;;;;;;;;;;;;;;;;;;;;;;;;;;;;;;;;;;;;;;;2,9;9;;;;;;;;;;;;
13001009;20171028;0,0;1;;;5,9;1;550;9;20,8;1;1134;9;12,6;1;13,35;1;3,4;1;;;0;9;14,9;1;13,4;1;;;;;1,3;1;9,2;1;310;1;1456;9;5,2;1;300;1;1502;9;;;;;;;;;;;;;;;29;1;1422;9;90;1;559;9;414;9;305;9;7,7;9;;;57;9;;;;;;;;;;;;;;;;;;;;;;;;;;;;;;;;;;;;;;;;;;;;;2,4;9;;;;;;;;;;;;
13001009;20171029;0,0;1;;;3,4;1;554;9;18,8;1;1243;9;12,4;1;11,10;1;1,0;1;;;0;9;15,4;1;11,1;1;;;;;3,8;1;20,0;1;320;1;1418;9;9,5;1;320;1;1425;9;;;;;;;;;;;;;;;38;1;1134;9;88;1;559;9;97;9;287;9;8,4;9;;;60;9;;;;;;;;;;;;;;;;;;;;;;;;;;;;;;;;;;;;;;;;;;;;;2,4;9;;;;;;;;;;;;
13001009;20171030;0,0;1;;;7,0;1;628;9;20,8;1;1308;9;12,4;1;13,90;1;;;;;0;9;13,8;1;13,9;1;;;;;1,3;1;8,2;1;280;1;1219;9;4,1;1;290;1;1214;9;;;;;;;;;;;;;;;32;1;1301;9;91;1;536;9;303;9;263;9;8,3;9;;;61;9;;;;;;;;;;;;;;;;;;;;;;;;;;;;;;;;;;;;;;;;;;;;;2,4;9;;;;;;;;;;;;
13001009;20171031;0,0;1;;;5,9;1;2349;9;21,6;1;1225;9;13,2;1;13,75;1;3,8;1;;;0;9;15,7;1;13,8;1;;;;;1,3;1;7,0;1;260;1;1324;9;3,9;1;250;1;1401;9;;;;;;;;;;;;;;;32;1;1111;9;87;1;2349;9;270;9;126;9;8,4;9;;;58;9;;;;;;;;;;;;;;;;;;;;;;;;;;;;;;;;;;;;;;;;;;;;;1,9;9;;;;;;;;;;;;
13001009;20171101;0,0;1;;;4,9;1;454;9;21,4;1;1159;9;12,2;1;13,15;1;2,7;1;;;0;9;16,5;1;13,2;1;;;;;0,5;1;4,8;1;250;1;1323;9;2,9;1;260;1;1349;9;;;;;;;;;;;;;;;34;1;1120;9;97;1;606;9;148;9;821;9;10,0;9;;;75;9;;;;;;;;;;;;;;;;;;;;;;;;;;;;;;;;;;;;;;;;;;;;;1,4;9;;;;;;;;;;;;
13001009;20171102;0,2;1;;;7,2;1;537;9;18,9;1;1143;9;13,1;1;13,05;1;4,9;1;;;0;9;11,7;1;13,1;1;;;;;0,6;1;4,9;1;250;1;1405;9;2,7;1;250;1;1411;9;;;;;;;;;;;;;;;54;1;1006;9;98;1;313;9;0;9;737;9;11,8;9;;;79;9;;;;;;;;;;;;;;;;;;;;;;;;;;;;;;;;;;;;;;;;;;;;;1,0;9;;;;;;;;;;;;
13001009;20171103;0,0;1;;;7,4;1;609;9;20,8;1;1247;9;14,8;1;14,10;1;5,0;1;;;0;9;13,4;1;14,1;1;;;;;0,9;1;6,2;1;160;1;1313;9;3,5;1;210;1;1314;9;;;;;;;;;;;;;;;58;1;1312;9;98;1;459;9;0;9;486;9;12,9;9;;;78;9;;;;;;;;;;;;;;;;;;;;;;;;;;;;;;;;;;;;;;;;;;;;;1,2;9;;;;;;;;;;;;
13001009;20171104;35,5;1;;;13,5;1;409;9;19,1;1;1315;9;16,7;1;16,30;1;11,2;1;;;0;9;5,6;1;16,3;1;;;;;3,1;1;14,3;1;90;1;1859;9;6,7;1;110;1;1757;9;;;;;;;;;;;;;;;58;1;1336;9;94;1;311;9;0;9;441;9;13,7;9;;;73;9;;;;;;;;;;;;;;;;;;;;;;;;;;;;;;;;;;;;;;;;;;;;;1,9;9;;;;;;;;;;;;
13001009;20171105;0,0;1;;;10,2;1;1751;9;14,3;1;1118;9;11,4;1;12,25;1;9,3;1;;;0;9;4,1;1;12,3;1;;;;;4,7;1;25,0;1;330;1;1258;9;9,1;1;320;1;1300;9;;;;;;;;;;;;;;;38;1;1444;9;98;1;212;9;40;9;613;9;9,7;9;;;71;9;;;;;;;;;;;;;;;;;;;;;;;;;;;;;;;;;;;;;;;;;;;;;2,2;9;;;;;;;;;;;;
13001009;20171106;0,0;1;;;7,2;1;646;9;13,1;1;1221;9;9,1;1;10,15;1;6,7;1;;;0;9;5,9;1;10,2;1;;;;;3,9;1;21,9;1;300;1;127;9;9,8;1;320;1;37;9;;;;;;;;;;;;;;;36;1;1223;9;69;1;2119;9;202;9;0;9;6,0;9;;;53;9;;;;;;;;;;;;;;;;;;;;;;;;;;;;;;;;;;;;;;;;;;;;;3,0;9;;;;;;;;;;;;
13001009;20171107;0,0;1;;;3,6;1;548;9;13,6;1;1412;9;7,0;1;8,60;1;2,5;1;;;0;9;10,0;1;8,6;1;;;;;1,0;1;5,9;1;330;1;1606;9;3,5;1;320;1;1607;9;;;;;;;;;;;;;;;46;1;1226;9;93;1;2301;9;0;9;597;9;7,1;9;;;72;9;;;;;;;;;;;;;;;;;;;;;;;;;;;;;;;;;;;;;;;;;;;;;1,3;9;;;;;;;;;;;;
13001009;20171108;0,0;1;;;0,8;1;605;9;12,0;1;1340;9;5,8;1;6,40;1;-1,2;1;;;0;9;11,2;1;6,4;1;;;;;1,7;1;12,0;1;310;1;1300;9;5,7;1;310;1;1307;9;;;;;;;;;;;;;;;45;1;1456;9;95;1;459;9;0;9;732;9;6,7;9;;;75;9;;;;;;;;;;;;;;;;;;;;;;;;;;;;;;;;;;;;;;;;;;;;;1,2;9;;;;;;;;;;;;
13001009;20171109;0,6;1;;;-0,3;1;449;9;14,1;1;1353;9;5,9;1;6,90;1;-2,1;1;;;118;9;14,4;1;6,9;1;;;;;0,8;1;8,5;1;60;1;1410;9;3,8;1;310;1;1644;9;;;;;;;;;;;;;;;49;1;1304;9;96;1;524;9;0;9;871;9;7,1;9;;;78;9;;;;;;;;;;;;;;;;;;;;;;;;;;;;;;;;;;;;;;;;;;;;;1,0;9;;;;;;;;;;;;
13001009;20171110;0,0;1;;;0,9;1;606;9;13,0;1;1225;9;7,9;1;6,95;1;-1,1;1;;;0;9;12,1;1;7,0;1;;;;;1,9;1;13,3;1;320;1;2146;9;6,7;1;320;9;2152;9;;;;;;;;;;;;;;;49;1;1238;9;97;1;623;9;0;9;494;9;7,3;9;;;71;9;;;;;;;;;;;;;;;;;;;;;;;;;;;;;;;;;;;;;;;;;;;;;1,0;9;;;;;;;;;;;;
13001009;20171111;0,0;1;;;9,1;1;2117;9;17,7;1;1314;9;12,7;1;13,40;1;6,8;1;;;0;9;8,6;1;13,4;1;;;;;3,5;1;14,8;1;320;1;954;9;7,8;1;330;1;955;9;;;;;;;;;;;;;;;37;1;1249;9;71;1;2359;9;135;9;0;9;8,4;9;;;58;9;;;;;;;;;;;;;;;;;;;;;;;;;;;;;;;;;;;;;;;;;;;;;2,8;9;;;;;;;;;;;;
13001009;20171112;0,8;1;;;8,2;1;101;9;19,3;1;1413;9;13,0;1;13,75;1;6,1;1;;;0;9;11,1;1;13,8;1;;;;;4,1;1;19,9;1;330;1;2355;9;9,1;1;320;9;2337;9;;;;;;;;;;;;;;;38;1;1202;9;87;1;626;9;86;9;167;9;9,2;9;;;63;9;;;;;;;;;;;;;;;;;;;;;;;;;;;;;;;;;;;;;;;;;;;;;2,7;9;;;;;;;;;;;;
13001009;20171113;0,0;1;;;5,1;1;445;9;11,1;1;1231;9;8,0;1;8,10;1;4,2;1;;;0;9;6,0;1;8,1;1;;;;;6,1;1;24,6;1;350;1;944;9;11,8;1;320;1;946;9;;;;;;;;;;;;;;;33;1;1859;9;65;1;445;9;260;9;0;9;5,2;9;;;49;9;;;;;;;;;;;;;;;;;;;;;;;;;;;;;;;;;;;;;;;;;;;;;3,1;9;;;;;;;;;;;;
13001009;20171114;0,0;1;;;-1,0;1;453;9;14,4;1;1246;9;5,4;1;6,70;1;-3,2;1;;;255;9;15,4;1;6,7;1;;;;;0,9;1;7,0;1;290;1;1321;9;3,7;1;290;1;1329;9;;;;;;;;;;;;;;;26;1;1211;9;87;1;700;9;349;9;475;9;5,3;9;;;63;9;;;;;;;;;;;;;;;;;;;;;;;;;;;;;;;;;;;;;;;;;;;;;1,5;9;;;;;;;;;;;;
13001009;20171115;0,2;1;;;-1,3;1;549;9;18,4;1;1254;9;6,4;1;8,55;1;-3,4;1;;;339;9;19,7;1;8,6;1;;;;;0,5;1;4,6;1;200;1;1458;9;2,5;1;220;1;1459;9;;;;;;;;;;;;;;;25;1;1241;9;92;1;400;9;406;9;602;9;5,7;9;;;65;9;;;;;;;;;;;;;;;;;;;;;;;;;;;;;;;;;;;;;;;;;;;;;1,5;9;;;;;;;;;;;;
13001009;20171116;0,0;1;;;0,2;1;430;9;17,5;1;1225;9;7,1;1;8,85;1;-2,0;1;;;0;9;17,3;1;8,9;1;;;;;0,8;1;6,5;1;200;1;1309;9;3,3;1;210;1;1248;9;;;;;;;;;;;;;;;28;1;1433;9;88;1;2345;9;421;9;608;9;6,0;9;;;64;9;;;;;;;;;;;;;;;;;;;;;;;;;;;;;;;;;;;;;;;;;;;;;1,6;9;;;;;;;;;;;;
13001009;20171117;0,0;1;;;-0,4;1;450;9;16,4;1;1142;9;6,1;1;8,00;1;-2,5;1;;;150;9;16,8;1;8,0;1;;;;;0,7;1;5,0;1;300;1;1312;9;3,3;1;280;1;1317;9;;;;;;;;;;;;;;;34;1;1143;9;93;1;445;9;263;9;654;9;6,1;9;;;69;9;;;;;;;;;;;;;;;;;;;;;;;;;;;;;;;;;;;;;;;;;;;;;1,4;9;;;;;;;;;;;;
13001009;20171118;0,2;1;;;-1,1;1;635;9;15,1;1;1203;9;5,3;1;7,00;1;-3,5;1;;;289;9;16,2;1;7,0;1;;;;;0,8;1;5,3;1;330;1;1309;9;3,0;1;320;1;1312;9;;;;;;;;;;;;;;;38;1;1205;9;96;1;711;9;39;9;769;9;6,4;9;;;75;9;;;;;;;;;;;;;;;;;;;;;;;;;;;;;;;;;;;;;;;;;;;;;1,1;9;;;;;;;;;;;;
13001009;20171119;0,2;1;;;-1,7;1;546;9;15,4;1;1302;9;6,1;1;6,85;1;-4,2;1;;;388;9;17,1;1;6,9;1;;;;;2,4;1;15,0;1;270;1;1339;9;7,4;1;280;1;1345;9;;;;;;;;;;;;;;;41;1;1212;9;96;1;437;9;0;9;623;9;6,7;9;;;74;9;;;;;;;;;;;;;;;;;;;;;;;;;;;;;;;;;;;;;;;;;;;;;1,4;9;;;;;;;;;;;;
13001009;20171120;0,0;1;;;-0,8;1;548;9;16,9;1;1259;9;6,1;1;8,05;1;-3,2;1;;;141;9;17,7;1;8,1;1;;;;;0,5;1;5,7;1;210;1;1423;9;2,9;1;260;1;1513;9;;;;;;;;;;;;;;;31;1;1323;9;97;1;601;9;234;9;618;9;6,3;9;;;71;9;;;;;;;;;;;;;;;;;;;;;;;;;;;;;;;;;;;;;;;;;;;;;1,3;9;;;;;;;;;;;;
13001009;20171121;0,2;1;;;-1,7;1;626;9;17,5;1;1441;9;6,4;1;7,90;1;-4,0;1;;;343;9;19,2;1;7,9;1;;;;;0,3;1;3,7;1;280;1;1316;9;2,1;1;260;1;1318;9;;;;;;;;;;;;;;;29;1;1223;9;95;1;639;9;306;9;783;9;6,3;9;;;71;9;;;;;;;;;;;;;;;;;;;;;;;;;;;;;;;;;;;;;;;;;;;;;1,2;9;;;;;;;;;;;;
13001009;20171122;0,0;1;;;2,2;1;319;9;16,6;1;1249;9;10,4;1;9,40;1;-0,5;1;;;0;9;14,4;1;9,4;1;;;;;1,6;1;6,7;1;150;1;1331;9;3,9;1;180;1;1331;9;;;;;;;;;;;;;;;54;1;1456;9;98;1;541;9;0;9;514;9;9,5;9;;;76;9;;;;;;;;;;;;;;;;;;;;;;;;;;;;;;;;;;;;;;;;;;;;;0,8;9;;;;;;;;;;;;
13001009;20171123;0,2;1;;;10,7;1;730;9;17,1;1;1519;9;12,3;1;13,90;1;8,8;1;;;0;9;6,4;1;13,9;1;;;;;1,2;1;6,7;1;200;1;1023;9;3,4;1;160;1;1058;9;;;;;;;;;;;;;;;58;1;1510;9;97;1;2245;9;0;9;551;9;10,8;9;;;77;9;;;;;;;;;;;;;;;;;;;;;;;;;;;;;;;;;;;;;;;;;;;;;1,4;9;;;;;;;;;;;;
13001009;20171124;0,0;1;;;5,0;1;203;9;14,4;1;1244;9;10,9;1;9,70;1;2,5;1;;;0;9;9,4;1;9,7;1;;;;;1,6;1;8,4;1;100;1;1659;9;3,9;1;90;1;1526;9;;;;;;;;;;;;;;;74;1;1431;9;99;1;246;9;0;9;904;9;11,0;9;;;84;9;;;;;;;;;;;;;;;;;;;;;;;;;;;;;;;;;;;;;;;;;;;;;0,5;9;;;;;;;;;;;;
13001009;20171125;0,2;1;;;8,8;1;503;9;15,8;1;1248;9;11,0;1;12,30;1;6,4;1;;;0;9;7,0;1;12,3;1;;;;;3,2;1;16,5;1;330;1;2220;9;7,8;1;310;1;2235;9;;;;;;;;;;;;;;;45;1;2237;9;98;1;531;9;0;9;716;9;9,8;9;;;73;9;;;;;;;;;;;;;;;;;;;;;;;;;;;;;;;;;;;;;;;;;;;;;1,8;9;;;;;;;;;;;;
13001009;20171126;0,0;1;;;4,5;1;653;9;9,5;1;1313;9;6,5;1;7,00;1;3,3;1;;;0;9;5,0;1;7,0;1;;;;;4,9;1;19,8;1;320;1;1232;9;9,8;1;320;1;1101;9;;;;;;;;;;;;;;;35;1;1410;9;59;1;708;9;355;9;0;9;4,5;9;;;47;9;;;;;;;;;;;;;;;;;;;;;;;;;;;;;;;;;;;;;;;;;;;;;2,9;9;;;;;;;;;;;;
13001009;20171127;0,0;1;;;-1,3;1;602;9;11,4;1;1429;9;4,1;1;5,05;1;-4,3;1;;;340;9;12,7;1;5,1;1;;;;;0,9;1;6,1;1;350;1;53;9;2,8;1;330;1;54;9;;;;;;;;;;;;;;;26;1;1126;9;82;1;608;9;330;9;142;9;4,5;9;;;58;9;;;;;;;;;;;;;;;;;;;;;;;;;;;;;;;;;;;;;;;;;;;;;1,4;9;;;;;;;;;;;;
13001009;20171128;0,0;1;;;-2,0;1;111;9;13,4;1;1427;9;4,3;1;5,70;1;-4,2;1;;;411;9;15,4;1;5,7;1;;;;;0,4;1;3,4;1;240;1;1234;9;1,9;1;320;1;1526;9;;;;;;;;;;;;;;;43;1;1049;9;93;1;2305;9;0;9;806;9;6,1;9;;;75;9;;;;;;;;;;;;;;;;;;;;;;;;;;;;;;;;;;;;;;;;;;;;;0,9;9;;;;;;;;;;;;
13001009;20171129;0,0;1;;;0,4;1;2254;9;12,0;1;1243;9;5,6;1;6,20;1;-2,1;1;;;0;9;11,6;1;6,2;1;;;;;1,4;1;9,7;1;320;1;1444;9;4,9;1;300;1;1445;9;;;;;;;;;;;;;;;42;1;1244;9;91;1;1;9;0;9;484;9;6,0;9;;;67;9;;;;;;;;;;;;;;;;;;;;;;;;;;;;;;;;;;;;;;;;;;;;;1,2;9;;;;;;;;;;;;
13001009;20171130;0,0;1;;;1,8;1;139;9;8,9;1;1308;9;4,1;1;5,35;1;-1,2;1;;;97;9;7,1;1;5,4;1;;;;;2,9;1;15,7;1;350;1;1336;9;7,4;1;310;1;1246;9;;;;;;;;;;;;;;;36;1;1252;9;89;1;2333;9;81;9;108;9;4,9;9;;;62;9;;;;;;;;;;;;;;;;;;;1;1;;;;;;;;;;;;;;;;;;;;;;;;;1,8;9;;;;;;;;;;;;
13001009;20171201;0,2;1;;;-2,2;1;232;9;5,6;1;1119;9;0,7;1;1,70;1;-5,0;1;;;582;9;7,8;1;1,7;1;;;;;1,6;1;11,9;1;330;1;1256;9;5,6;1;320;1;1323;9;;;;;;;;;;;;;;;63;1;1351;9;92;1;140;9;0;9;888;9;5,1;9;;;80;9;;;;;;;;;;;;;;;;;;;1;1;;;;;;;;;;;;;;;;;;;;;;;;;0,8;9;;;;;;;;;;;;
13001009;20171202;5,6;1;;;-3,5;1;2132;9;4,0;1;1414;9;1,3;1;0,25;1;-6,0;1;;;104;9;7,5;1;0,3;1;;;;;0,6;1;4,3;1;20;1;1238;9;2,4;1;10;1;1244;9;;;;;;;;;;;;;;;75;1;1257;9;97;1;615;9;0;9;1380;9;6,0;9;;;90;9;;;;;;;;;;;;;;;;;;;1;1;;;;;;;;;;;;;;;;;;;;;;;;;0,2;9;;;;;;;;;10;1;;
13001009;20171203;0,0;1;;;-4,1;1;542;9;6,2;1;1313;9;-0,1;1;1,05;1;-6,9;1;;;893;9;10,3;1;1,1;1;;;;;0,8;1;5,8;1;330;1;1257;9;3,6;1;310;1;1339;9;;;;;;;;;;;;;;;49;1;1305;9;97;1;117;9;0;9;798;9;4,6;9;;;78;9;;;;;;;;;;;;;;;;;;;;;;;;;;;;;;;;;;;;;;;;;;;;;0,4;9;;;;;;;;;;;;
13001009;20171204;0,0;1;;;-5,3;1;402;9;10,7;1;1327;9;0,9;1;2,70;1;-6,8;1;;;794;9;16,0;1;2,7;1;;;;;0,5;1;5,3;1;300;1;1442;9;3,1;1;280;1;1439;9;;;;;;;;;;;;;;;42;1;1227;9;95;1;2232;9;0;9;893;9;5,0;9;;;78;9;;;;;;;;;;;;;;;;;;;;;;;;;;;;;;;;;;;;;;;;;;;;;0,5;9;;;;;;;;;;;;
13001009;20171205;0,0;1;;;-3,4;1;544;9;11,5;1;1439;9;2,3;1;4,05;1;-5,4;1;;;726;9;14,9;1;4,1;1;;;;;0,6;1;4,1;1;270;1;1359;9;2,4;1;240;9;1309;9;;;;;;;;;;;;;;;40;1;1237;9;96;1;129;9;2;9;884;9;5,4;9;;;78;9;;;;;;;;;;;;;;;;;;;;;;;;;;;;;;;;;;;;;;;;;;;;;0,8;9;;;;;;;;;;;;
13001009;20171206;0,2;1;;;-2,0;1;426;9;13,9;1;1247;9;5,0;1;5,95;1;-4,1;1;;;462;9;15,9;1;6,0;1;;;;;0,4;1;4,0;1;240;1;1321;9;2,4;1;200;1;1507;9;;;;;;;;;;;;;;;49;1;1251;9;98;1;616;9;0;9;976;9;7,2;9;;;83;9;;;;;;;;;;;;;;;;;;;;;;;;;;;;;;;;;;;;;;;;;;;;;0,5;9;;;;;;;;;;;;
13001009;20171207;0,4;1;;;2,7;1;2311;9;13,6;1;1207;9;7,9;1;8,15;1;-0,1;1;;;0;9;10,9;1;8,2;1;;;;;1,1;1;9,2;1;170;1;1233;9;4,9;1;200;1;1213;9;;;;;;;;;;;;;;;62;1;1008;9;97;1;1;9;0;9;836;9;8,6;9;;;81;9;;;;;;;;;;;;;;;;;;;;;;;;;;;;;;;;;;;;;;;;;;;;;0,6;9;;;;;;;;;;;;
13001009;20171208;0,8;1;;;4,3;1;1949;9;9,7;1;1134;9;6,9;1;7,00;1;1,5;1;;;0;9;5,4;1;7,0;1;;;;;1,8;1;10,7;1;330;1;1520;9;5,2;1;310;1;1453;9;;;;;;;;;;;;;;;45;1;2233;9;98;1;207;9;0;9;907;9;8,4;9;;;83;9;;;;;;;;;;;;;;;;;;;;;;;;;;;;;;;;;;;;;;;;;;;;;0,6;9;;;;;;;;;;;;
13001009;20171209;0,0;1;;;1,4;1;509;9;7,2;1;1242;9;3,6;1;4,30;1;0,2;1;;;0;9;5,8;1;4,3;1;;;;;3,5;1;16,3;1;310;1;1255;9;8,0;1;310;1;1256;9;;;;;;;;;;;;;;;32;1;1406;9;67;1;501;9;281;9;0;9;4,0;9;;;51;9;;;;;;;;;;;;;;;;;;;;;;;;;;;;;;;;;;;;;;;;;;;;;2,0;9;;;;;;;;;;;;
13001009;20171210;14,9;1;;;0,2;1;2358;9;14,1;1;223;9;5,5;1;7,15;1;-1,4;1;;;0;9;13,9;1;7,2;1;;;;;1,8;1;10,5;1;160;1;2327;9;4,8;1;170;9;2328;9;;;;;;;;;;;;;;;48;1;316;9;99;1;1804;9;0;9;928;9;7,7;9;;;80;9;;;;;;;;;;;;;;;;;;;;;;;;;;;;;;;;;;;;;;;;;;;;;0,7;9;;;;;;;;;;;;
13001009;20171211;13,0;1;;;8,1;1;1801;9;14,5;1;1341;9;11,2;1;11,30;1;7,5;1;;;0;9;6,4;1;11,3;1;;;;;4,0;1;20,6;1;170;1;743;9;9,4;1;170;1;748;9;;;;;;;;;;;;;;;78;1;105;9;97;1;2244;9;0;9;1328;9;12,0;9;;;89;9;;;;;;;;;;;;;;;;;;;;;;;;;;;;;;;;;;;;;;;;;;;;;0,4;9;;;;;;;;;;;;
13001009;20171212;0,2;1;;;1,3;1;555;9;10,1;1;1321;9;3,8;1;5,70;1;-0,8;1;;;107;9;8,8;1;5,7;1;;;;;0,6;1;5,8;1;320;1;1530;9;3,4;1;280;1;1416;9;;;;;;;;;;;;;;;70;1;1345;9;99;1;800;9;0;9;1260;9;7,3;9;;;92;9;;;;;;;;;;;;;;;;;;;;;;;;;;;;;;;;;;;;;;;;;;;;;0,5;9;;;;;;;;;;;;
13001009;20171213;1,0;1;;;-2,5;1;653;9;9,5;1;1402;9;3,7;1;3,50;1;-4,4;1;;;498;9;12,0;1;3,5;1;;;;;0,5;1;4,9;1;250;1;1407;9;2,8;1;240;1;1409;9;;;;;;;;;;;;;;;48;1;1324;9;98;1;154;9;0;9;883;9;6,6;9;;;83;9;;;;;;;;;;;;;;;;;;;;;;;;;;;;;;;;;;;;;;;;;;;;;0,4;9;;;;;;;;;;;;
13001009;20171214;0,2;1;;;5,5;1;1807;9;13,5;1;1433;9;8,0;1;9,50;1;3,9;1;;;0;9;8,0;1;9,5;1;;;;;0,4;1;5,7;1;280;1;1425;9;3,3;1;280;1;1427;9;;;;;;;;;;;;;;;64;1;1419;9;98;1;427;9;0;9;1176;9;9,7;9;;;92;9;;;;;;;;;;;;;;;;;;;;;;;;;;;;;;;;;;;;;;;;;;;;;0,5;9;;;;;;;;;;;;
13001009;20171215;0,0;1;;;4,1;1;1746;9;10,6;1;1326;9;6,8;1;7,35;1;1,2;1;;;0;9;6,5;1;7,4;1;;;;;1,5;1;10,0;1;320;1;1412;9;5,6;1;300;1;1414;9;;;;;;;;;;;;;;;46;1;1404;9;99;1;52;9;0;9;877;9;7,9;9;;;80;9;;;;;;;;;;;;;;;;;;;;;;;;;;;;;;;;;;;;;;;;;;;;;0,8;9;;;;;;;;;;;;
13001009;20171216;0,0;1;;;-0,4;1;620;9;9,6;1;1213;9;4,6;1;4,60;1;-2,5;1;;;42;9;10,0;1;4,6;1;;;;;3,2;1;14,3;1;320;1;1342;9;8,0;1;310;1;1356;9;;;;;;;;;;;;;;;41;1;1225;9;94;1;633;9;0;9;489;9;5,7;9;;;70;9;;;;;;;;;;;;;;;;;;;;;;;;;;;;;;;;;;;;;;;;;;;;;1,3;9;;;;;;;;;;;;
13001009;20171217;0,0;1;;;2,7;1;48;9;8,7;1;1222;9;4,8;1;5,70;1;0,0;1;;;0;9;6,0;1;5,7;1;;;;;3,7;1;16,2;1;320;1;1401;9;8,3;1;320;1;1404;9;;;;;;;;;;;;;;;41;1;1024;9;75;1;2353;9;0;9;0;9;4,9;9;;;57;9;;;;;;;;;;;;;;;;;;;;;;;;;;;;;;;;;;;;;;;;;;;;;1,9;9;;;;;;;;;;;;
13001009;20171218;0,4;1;;;-1,6;1;528;9;7,2;1;1352;9;2,5;1;2,80;1;-3,4;1;;;325;9;8,8;1;2,8;1;;;;;1,0;1;7,7;1;40;1;2120;9;3,7;1;20;9;2115;9;;;;;;;;;;;;;;;66;1;656;9;90;1;1752;9;0;9;1127;9;6,1;9;;;83;9;;;;;;;;;;;;;;;;;;;;;;;;;;;;;;;;;;;;;;;;;;;;;0,5;9;;;;;;;;;;;;
13001009;20171219;0,0;1;;;-2,0;1;559;9;10,4;1;1322;9;3,8;1;4,20;1;-4,3;1;;;277;9;12,4;1;4,2;1;;;;;1,0;1;7,0;1;40;1;1449;9;4,0;1;30;1;1458;9;;;;;;;;;;;;;;;45;1;1335;9;96;1;721;9;0;9;687;9;5,8;9;;;74;9;;;;;;;;;;;;;;;;;;;;;;;;;;;;;;;;;;;;;;;;;;;;;0,7;9;;;;;;;;;;;;
13001009;20171220;0,0;1;;;1,0;1;616;9;7,8;1;1030;9;4,2;1;4,40;1;-1,5;1;;;0;9;6,8;1;4,4;1;;;;;1,2;1;7,4;1;20;1;1101;9;3,8;1;20;1;1241;9;;;;;;;;;;;;;;;56;1;933;9;91;1;2301;9;0;9;335;9;5,8;9;;;71;9;;;;;;;;;;;;;;;;;;;;;;;;;;;;;;;;;;;;;;;;;;;;;0,9;9;;;;;;;;;;;;
13001009;20171221;0,0;1;;;-0,5;1;236;9;13,0;1;1251;9;5,5;1;6,25;1;-2,4;1;;;83;9;13,5;1;6,3;1;;;;;1,0;1;5,0;1;50;1;252;9;2,9;1;60;1;254;9;;;;;;;;;;;;;;;43;1;1252;9;95;1;250;9;0;9;494;9;6,1;9;;;70;9;;;;;;;;;;;;;;;;;;;;;;;;;;;;;;;;;;;;;;;;;;;;;1,0;9;;;;;;;;;;;;
13001009;20171222;0,2;1;;;0,1;1;413;9;15,2;1;1346;9;5,6;1;7,65;1;-1,9;1;;;0;9;15,1;1;7,7;1;;;;;0,4;1;3,7;1;80;1;435;9;2,2;1;80;1;440;9;;;;;;;;;;;;;;;44;1;1215;9;96;1;2150;9;0;9;945;9;7,0;9;;;79;9;;;;;;;;;;;;;;;;;;;;;;;;;;;;;;;;;;;;;;;;;;;;;0,9;9;;;;;;;;;;;;
13001009;20171223;0,2;1;;;-1,1;1;653;9;15,1;1;1311;9;4,7;1;7,00;1;-3,7;1;;;273;9;16,2;1;7,0;1;;;;;0,4;1;5,0;1;350;1;1203;9;3,0;1;320;1;1211;9;;;;;;;;;;;;;;;39;1;1313;9;98;1;338;9;11;9;983;9;6,9;9;;;83;9;;;;;;;;;;;;;;;;;;;;;;;;;;;;;;;;;;;;;;;;;;;;;0,8;9;;;;;;;;;;;;
13001009;20171224;0,2;1;;;-2,4;1;715;9;11,8;1;1328;9;2,7;1;4,70;1;-4,9;1;;;647;9;14,2;1;4,7;1;;;;;0,3;1;3,5;1;200;1;1402;9;2,3;1;240;1;1411;9;;;;;;;;;;;;;;;50;1;1221;9;98;1;259;9;0;9;999;9;6,2;9;;;85;9;;;;;;;;;;;;;;;;;;;;;;;;;;;;;;;;;;;;;;;;;;;;;0,6;9;;;;;;;;;;;;
13001009;20171225;2,8;1;;;-1,4;1;155;9;11,2;1;1304;9;6,2;1;4,90;1;-4,1;1;;;285;9;12,6;1;4,9;1;;;;;1,2;1;5,2;1;90;1;1158;9;2,7;1;100;1;1203;9;;;;;;;;;;;;;;;76;1;1306;9;98;1;121;9;0;9;1360;9;8,7;9;;;90;9;;;;;;;;;;;;;;;;;;;;;;;;;;;;;;;;;;;;;;;;;;;;;0,0;9;;;;;;;;;;;;
13001009;20171226;4,4;1;;;9,0;1;732;9;14,6;1;1239;9;9,9;1;11,80;1;7,6;1;;;0;9;5,6;1;11,8;1;;;;;1,3;1;5,2;1;90;1;2335;9;2,8;1;90;9;2342;9;;;;;;;;;;;;;;;67;1;1237;9;96;1;740;9;0;9;1236;9;10,7;9;;;87;9;;;;;;;;;;;;;;;;;;;;;;;;;;;;;;;;;;;;;;;;;;;;;0,8;9;;;;;;;;;;;;
13001009;20171227;1,8;1;;;5,9;1;1747;9;10,2;1;1347;9;7,2;1;8,05;1;5,0;1;;;0;9;4,3;1;8,1;1;;;;;3,0;1;12,7;1;290;1;1427;9;6,7;1;280;1;1432;9;;;;;;;;;;;;;;;51;1;2323;9;96;1;646;9;0;9;710;9;7,9;9;;;77;9;;;;;;;;;;;;;;;;;;;;;;;;;;;;;;;;;;;;;;;;;;;;;1,2;9;;;;;;;;;;;;
13001009;20171228;0,0;1;;;3,2;1;35;9;7,5;1;1219;9;4,2;1;5,35;1;2,0;1;;;0;9;4,3;1;5,4;1;;;;;5,3;1;19,3;1;320;1;1301;9;9,4;1;320;1;1359;9;;;;;;;;;;;;;;;33;1;1313;9;67;1;0;9;292;9;0;9;4,1;9;;;50;9;;;;;;;;;;;;;;;;;;;;;;;;;;;;;;;;;;;;;;;;;;;;;2,6;9;;;;;;;;;;;;
13001009;20171229;2,2;1;;;-2,7;1;611;9;6,1;1;1445;9;2,1;1;1,70;1;-5,0;1;;;422;9;8,8;1;1,7;1;;;;;0,7;1;5,5;1;270;1;116;9;2,8;1;280;1;120;9;;;;;;;;;;;;;;;52;1;1220;9;92;1;2350;9;0;9;472;9;5,2;9;;;74;9;;;;;;;;;;;;;;;;;;;;;;;;;;;;;;;;;;;;;;;;;;;;;0,6;9;;;;;;;;;;;;
13001009;20171230;4,0;1;;;2,3;1;2254;9;15,7;1;1334;9;8,7;1;9,00;1;1,0;1;;;0;9;13,4;1;9,0;1;;;;;1,1;1;9,2;1;310;1;1338;9;4,8;1;310;1;1352;9;;;;;;;;;;;;;;;61;1;1338;9;99;1;823;9;0;9;894;9;9,7;9;;;86;9;;;;;;;;;;;;;;;;;;;;;;;;;;;;;;;;;;;;;;;;;;;;;0,6;9;;;;;;;;;;;;
13001009;20171231;1,6;1;;;1,6;1;717;9;14,6;1;1402;9;8,8;1;8,10;1;-0,5;1;;;0;9;13,0;1;8,1;1;;;;;0,8;1;5,9;1;110;1;1414;9;3,0;1;110;1;1417;9;;;;;;;;;;;;;;;60;1;1440;9;99;1;813;9;0;9;797;9;9,4;9;;;84;9;;;;;;;;;;;;;;;;;;;;;;;;;;;;;;;;;;;;;;;;;;;;;0,4;9;;;;;;;;;;;;
